Name,G,AB,H,RBI,Singles,Doubles,Triples,HR,SO,BB
Stacey Davenport,122.0,325.0,290.0,218.0,26.0,35.0,10.0,219.0,88.0,74.0
Julie Mahoney,101.0,545.0,535.0,19.0,508.0,4.0,1.0,22.0,463.0,451.0
Amber David,156.0,508.0,482.0,296.0,42.0,92.0,13.0,335.0,13.0,25.0
Patricia Moreno,157.0,338.0,323.0,24.0,131.0,16.0,61.0,115.0,94.0,93.0
Chris Morris,124.0,427.0,215.0,177.0,21.0,11.0,0.0,183.0,213.0,56.0
Holly Mitchell,123.0,359.0,192.0,160.0,31.0,1.0,0.0,160.0,143.0,313.0
Emma Dominguez,128.0,381.0,370.0,331.0,10.0,24.0,0.0,336.0,300.0,167.0
Jill Weeks,128.0,404.0,233.0,6.0,194.0,1.0,24.0,14.0,90.0,300.0
Jacqueline Jones,115.0,569.0,486.0,177.0,102.0,3.0,34.0,347.0,431.0,151.0
Charles Meyer,126.0,384.0,293.0,195.0,40.0,56.0,1.0,196.0,367.0,327.0
Rebecca Chavez,139.0,457.0,388.0,382.0,6.0,0.0,0.0,382.0,381.0,30.0
Deanna Brown,137.0,320.0,175.0,98.0,12.0,41.0,13.0,109.0,243.0,203.0
Donald Berry,104.0,358.0,172.0,52.0,68.0,14.0,24.0,66.0,4.0,293.0
Michelle Sherman,146.0,570.0,476.0,15.0,319.0,98.0,28.0,31.0,125.0,15.0
Paul Bartlett,144.0,326.0,288.0,260.0,6.0,6.0,13.0,263.0,312.0,134.0
Michelle Figueroa,102.0,565.0,133.0,45.0,34.0,16.0,20.0,63.0,448.0,41.0
Barry Golden,112.0,567.0,223.0,172.0,6.0,11.0,30.0,176.0,248.0,384.0
Courtney Green,133.0,446.0,177.0,134.0,9.0,8.0,24.0,136.0,312.0,414.0
David Reed,143.0,498.0,185.0,94.0,42.0,49.0,0.0,94.0,24.0,417.0
Misty Parrish,151.0,312.0,246.0,6.0,216.0,15.0,2.0,13.0,4.0,41.0
Terry Smith,143.0,463.0,224.0,12.0,175.0,11.0,20.0,18.0,401.0,51.0
Heather Martinez,105.0,593.0,113.0,73.0,19.0,10.0,3.0,81.0,439.0,54.0
Larry Thomas,143.0,497.0,179.0,31.0,89.0,30.0,8.0,52.0,117.0,474.0
April Bates,146.0,389.0,316.0,46.0,33.0,141.0,91.0,51.0,155.0,195.0
Douglas Rice,153.0,392.0,315.0,202.0,62.0,0.0,0.0,253.0,228.0,298.0
Timothy Chapman,117.0,408.0,133.0,40.0,60.0,8.0,7.0,58.0,27.0,218.0
Rebecca Lewis,111.0,451.0,337.0,274.0,2.0,43.0,13.0,279.0,373.0,14.0
Barbara Sharp,101.0,589.0,409.0,104.0,208.0,47.0,46.0,108.0,48.0,426.0
Ashley Foley,114.0,397.0,352.0,348.0,4.0,0.0,0.0,348.0,40.0,353.0
Miss Vanessa Newman,117.0,548.0,495.0,212.0,73.0,191.0,6.0,225.0,368.0,336.0
Curtis Haynes,118.0,543.0,337.0,175.0,74.0,5.0,76.0,182.0,31.0,126.0
Stephen Andrews,122.0,493.0,315.0,130.0,7.0,55.0,32.0,221.0,371.0,208.0
Deborah Wilson,125.0,509.0,230.0,17.0,113.0,68.0,17.0,32.0,101.0,444.0
Melissa Palmer,115.0,437.0,302.0,68.0,73.0,52.0,72.0,105.0,96.0,139.0
Destiny Flynn,161.0,429.0,349.0,291.0,2.0,17.0,33.0,297.0,66.0,296.0
Gregory Hall,155.0,344.0,131.0,130.0,0.0,1.0,0.0,130.0,208.0,232.0
Ian Jenkins,115.0,508.0,131.0,93.0,14.0,18.0,2.0,97.0,44.0,313.0
James Kim,148.0,573.0,287.0,209.0,24.0,36.0,10.0,217.0,143.0,425.0
Latasha Hudson,118.0,397.0,258.0,97.0,36.0,36.0,29.0,157.0,348.0,82.0
Crystal Myers,161.0,323.0,222.0,180.0,7.0,11.0,6.0,198.0,316.0,115.0
Alexander Lawrence,129.0,452.0,160.0,38.0,72.0,7.0,31.0,50.0,347.0,359.0
Felicia Holland,116.0,578.0,215.0,123.0,45.0,47.0,0.0,123.0,424.0,476.0
Anthony Gonzalez,112.0,368.0,219.0,55.0,4.0,65.0,45.0,105.0,201.0,322.0
Michelle Graham,129.0,492.0,150.0,133.0,13.0,0.0,1.0,136.0,176.0,369.0
Jose Clark,114.0,331.0,210.0,72.0,91.0,41.0,2.0,76.0,192.0,321.0
Kayla Wood,121.0,381.0,113.0,79.0,4.0,23.0,0.0,86.0,61.0,302.0
Mariah Patterson,117.0,365.0,250.0,228.0,14.0,0.0,7.0,229.0,308.0,186.0
Adam Raymond,144.0,533.0,133.0,112.0,7.0,5.0,6.0,115.0,256.0,163.0
Jessica Curtis,102.0,336.0,241.0,194.0,16.0,14.0,9.0,202.0,234.0,303.0
Ashley Hill,151.0,576.0,379.0,349.0,4.0,22.0,0.0,353.0,422.0,296.0
Jennifer Davis,118.0,554.0,445.0,431.0,3.0,2.0,5.0,435.0,459.0,294.0
Monica Martin,103.0,548.0,149.0,107.0,25.0,2.0,9.0,113.0,446.0,91.0
Isaiah Cook,160.0,600.0,193.0,61.0,4.0,79.0,28.0,82.0,265.0,288.0
Amanda Hill,162.0,518.0,286.0,107.0,36.0,84.0,4.0,162.0,151.0,144.0
Michelle Thompson,141.0,387.0,217.0,42.0,35.0,119.0,19.0,44.0,195.0,298.0
Kim Beltran MD,130.0,467.0,212.0,45.0,7.0,66.0,22.0,117.0,296.0,457.0
Jessica Gordon,158.0,560.0,446.0,2.0,23.0,101.0,281.0,41.0,209.0,544.0
Dennis Smith,125.0,421.0,143.0,1.0,26.0,43.0,9.0,65.0,157.0,368.0
Melissa Hood,134.0,309.0,165.0,162.0,0.0,1.0,1.0,163.0,216.0,88.0
Mrs. Jody Knight,127.0,576.0,144.0,11.0,100.0,2.0,2.0,40.0,343.0,159.0
Thomas Hicks,148.0,563.0,341.0,216.0,99.0,24.0,1.0,217.0,546.0,104.0
Brian Davis,105.0,542.0,155.0,120.0,27.0,3.0,4.0,121.0,192.0,424.0
Renee Lambert,119.0,402.0,204.0,117.0,78.0,0.0,6.0,120.0,168.0,234.0
Joseph Morris,138.0,517.0,199.0,82.0,47.0,32.0,23.0,97.0,249.0,368.0
Anita Sullivan,127.0,406.0,341.0,207.0,8.0,61.0,22.0,250.0,240.0,179.0
Sierra Barrett,100.0,388.0,145.0,141.0,4.0,0.0,0.0,141.0,339.0,379.0
Zachary Ball,120.0,453.0,276.0,117.0,30.0,52.0,40.0,154.0,278.0,38.0
Brandy Jenkins,131.0,394.0,333.0,100.0,59.0,150.0,9.0,115.0,176.0,213.0
Mercedes Munoz,145.0,505.0,488.0,186.0,226.0,44.0,13.0,205.0,20.0,84.0
Mary Woods,145.0,421.0,208.0,142.0,3.0,60.0,0.0,145.0,228.0,69.0
Lisa Cox,139.0,399.0,392.0,378.0,0.0,13.0,0.0,379.0,107.0,212.0
Christopher Rojas,129.0,499.0,479.0,88.0,152.0,16.0,141.0,170.0,427.0,309.0
Derek Turner,119.0,310.0,283.0,175.0,83.0,13.0,11.0,176.0,67.0,186.0
Shannon Sullivan,113.0,511.0,196.0,89.0,48.0,9.0,20.0,119.0,27.0,321.0
Leah Wells,122.0,491.0,352.0,39.0,269.0,11.0,5.0,67.0,302.0,283.0
Michelle Nichols,126.0,317.0,118.0,68.0,4.0,9.0,26.0,79.0,173.0,114.0
Amanda Schroeder,103.0,545.0,527.0,250.0,66.0,121.0,64.0,276.0,453.0,422.0
Kelly May,107.0,383.0,233.0,40.0,190.0,0.0,1.0,42.0,118.0,64.0
Kimberly Allen,156.0,404.0,175.0,137.0,3.0,11.0,6.0,155.0,182.0,263.0
Lindsey Rose,155.0,375.0,361.0,69.0,62.0,104.0,108.0,87.0,103.0,323.0
Michelle Jimenez,121.0,533.0,345.0,198.0,26.0,70.0,44.0,205.0,364.0,527.0
Amanda Ortiz,125.0,598.0,536.0,401.0,97.0,26.0,4.0,409.0,319.0,61.0
Mary Campbell,126.0,597.0,308.0,163.0,137.0,3.0,2.0,166.0,440.0,561.0
Lindsay Lucas,149.0,364.0,323.0,248.0,27.0,12.0,28.0,256.0,190.0,242.0
Mr. Daniel Weaver DDS,118.0,481.0,268.0,256.0,2.0,9.0,0.0,257.0,0.0,128.0
Jason Hutchinson,101.0,478.0,438.0,375.0,12.0,28.0,14.0,384.0,35.0,181.0
Jodi Morse,117.0,316.0,210.0,68.0,3.0,20.0,115.0,72.0,54.0,20.0
Ronald Henderson,150.0,542.0,344.0,49.0,221.0,2.0,57.0,64.0,381.0,317.0
Teresa Hopkins,122.0,525.0,492.0,479.0,9.0,4.0,0.0,479.0,123.0,181.0
Lindsay Perry,108.0,439.0,275.0,268.0,2.0,3.0,0.0,270.0,438.0,262.0
Alexander Black,110.0,445.0,308.0,270.0,26.0,3.0,0.0,279.0,248.0,229.0
Ashley French,134.0,489.0,398.0,131.0,210.0,23.0,17.0,148.0,409.0,222.0
Kimberly Flores,152.0,336.0,286.0,86.0,133.0,29.0,28.0,96.0,267.0,179.0
Christopher Wilson,105.0,361.0,344.0,204.0,112.0,21.0,2.0,209.0,295.0,177.0
Matthew Proctor,130.0,558.0,294.0,69.0,150.0,74.0,0.0,70.0,407.0,156.0
Sharon Walker,114.0,324.0,318.0,159.0,147.0,6.0,3.0,162.0,291.0,259.0
Angela Dillon,161.0,507.0,448.0,196.0,153.0,74.0,5.0,216.0,340.0,334.0
Christian Vasquez,135.0,590.0,485.0,460.0,24.0,1.0,0.0,460.0,474.0,514.0
Michael Hamilton,116.0,598.0,460.0,312.0,36.0,55.0,41.0,328.0,303.0,39.0
Erin Moore,151.0,435.0,348.0,55.0,253.0,11.0,23.0,61.0,206.0,29.0
Thomas Wolfe,110.0,512.0,499.0,388.0,29.0,31.0,50.0,389.0,48.0,102.0
Willie Trevino,134.0,493.0,218.0,153.0,25.0,16.0,7.0,170.0,99.0,325.0
Vicki Holloway,152.0,521.0,521.0,46.0,247.0,21.0,12.0,241.0,409.0,295.0
Tracey Smith,155.0,596.0,396.0,197.0,30.0,116.0,49.0,201.0,107.0,85.0
Michelle Sloan,140.0,478.0,348.0,65.0,250.0,27.0,0.0,71.0,325.0,79.0
Lisa Patrick,109.0,581.0,534.0,368.0,164.0,1.0,0.0,369.0,268.0,356.0
Travis Butler,156.0,402.0,179.0,137.0,39.0,3.0,0.0,137.0,121.0,140.0
Patrick Edwards,111.0,561.0,263.0,183.0,11.0,28.0,27.0,197.0,332.0,476.0
Charles Rosales,116.0,319.0,151.0,50.0,13.0,85.0,0.0,53.0,119.0,186.0
Kayla Cooper,149.0,450.0,420.0,227.0,11.0,74.0,53.0,282.0,77.0,275.0
Stephanie Clark,156.0,508.0,149.0,130.0,18.0,0.0,1.0,130.0,402.0,142.0
Matthew Oconnor,126.0,413.0,286.0,213.0,47.0,5.0,3.0,231.0,305.0,401.0
Renee Gillespie,132.0,410.0,223.0,108.0,26.0,33.0,31.0,133.0,19.0,239.0
Douglas Blair,124.0,350.0,247.0,31.0,16.0,83.0,16.0,132.0,320.0,263.0
Michelle Miranda,148.0,387.0,170.0,155.0,8.0,6.0,1.0,155.0,278.0,184.0
Mark Herrera,133.0,357.0,108.0,26.0,32.0,3.0,46.0,27.0,288.0,73.0
Charles Carson,129.0,552.0,382.0,66.0,267.0,15.0,10.0,90.0,361.0,489.0
Jay Howard,114.0,509.0,429.0,118.0,89.0,152.0,51.0,137.0,272.0,18.0
Matthew Atkins,146.0,358.0,252.0,221.0,8.0,12.0,11.0,221.0,114.0,127.0
Jonathan Bowman,130.0,524.0,225.0,37.0,89.0,18.0,4.0,114.0,1.0,269.0
Jennifer Morgan,149.0,497.0,321.0,68.0,235.0,17.0,1.0,68.0,206.0,51.0
Paula Mccarty,111.0,461.0,435.0,350.0,75.0,7.0,0.0,353.0,279.0,173.0
Jennifer Mitchell,162.0,442.0,198.0,44.0,28.0,68.0,32.0,70.0,50.0,40.0
Maria Bradley DVM,128.0,598.0,104.0,52.0,7.0,8.0,10.0,79.0,17.0,352.0
James Perry,161.0,495.0,396.0,39.0,205.0,40.0,28.0,123.0,115.0,327.0
Charlene Weber,154.0,436.0,347.0,96.0,87.0,139.0,8.0,113.0,76.0,87.0
Michael Garcia,136.0,451.0,137.0,32.0,83.0,8.0,14.0,32.0,343.0,449.0
Erik Woodard,127.0,328.0,166.0,23.0,137.0,3.0,2.0,24.0,234.0,111.0
Lisa Campos,140.0,331.0,232.0,227.0,0.0,0.0,2.0,230.0,229.0,272.0
Peggy Tyler,128.0,456.0,355.0,211.0,92.0,35.0,14.0,214.0,403.0,295.0
Darren Reynolds,120.0,535.0,183.0,156.0,16.0,5.0,5.0,157.0,53.0,261.0
Kristen Pena,129.0,449.0,233.0,189.0,6.0,12.0,1.0,214.0,170.0,16.0
Adam Boyd,154.0,590.0,445.0,125.0,250.0,10.0,19.0,166.0,573.0,151.0
Marcus Lloyd,114.0,544.0,414.0,152.0,226.0,27.0,7.0,154.0,268.0,482.0
Krista Blair,159.0,450.0,342.0,324.0,10.0,5.0,0.0,327.0,169.0,67.0
Elizabeth Curry,121.0,301.0,277.0,101.0,39.0,135.0,2.0,101.0,173.0,34.0
Rebecca Landry,158.0,539.0,374.0,218.0,38.0,82.0,24.0,230.0,390.0,106.0
Jessica Foster,162.0,524.0,452.0,193.0,184.0,17.0,4.0,247.0,61.0,196.0
Paul Irwin,144.0,382.0,354.0,2.0,347.0,1.0,1.0,5.0,150.0,319.0
Mrs. Denise Henderson,155.0,505.0,215.0,131.0,33.0,12.0,24.0,146.0,286.0,141.0
Patricia Williams,119.0,537.0,274.0,129.0,39.0,102.0,4.0,129.0,531.0,313.0
Cassie Wilson,106.0,536.0,251.0,170.0,61.0,11.0,8.0,171.0,398.0,35.0
Rebecca Lane,135.0,351.0,292.0,57.0,86.0,127.0,16.0,63.0,234.0,71.0
Michael Zimmerman,116.0,487.0,271.0,35.0,89.0,128.0,15.0,39.0,230.0,66.0
Justin Espinoza,111.0,355.0,322.0,317.0,4.0,1.0,0.0,317.0,250.0,210.0
Jose Nguyen,130.0,393.0,264.0,4.0,224.0,7.0,29.0,4.0,367.0,219.0
Kristi Hunter,148.0,401.0,261.0,74.0,60.0,123.0,2.0,76.0,57.0,12.0
Brian Price,113.0,400.0,347.0,46.0,191.0,20.0,56.0,80.0,231.0,398.0
Gary Smith,124.0,344.0,339.0,11.0,76.0,247.0,3.0,13.0,139.0,55.0
Christopher Johnson,140.0,438.0,122.0,90.0,22.0,0.0,9.0,91.0,78.0,120.0
Christopher Williams,160.0,430.0,359.0,187.0,162.0,9.0,0.0,188.0,349.0,407.0
Robyn Mahoney,139.0,366.0,300.0,108.0,74.0,58.0,16.0,152.0,336.0,207.0
Cheryl Murphy,126.0,533.0,284.0,258.0,16.0,5.0,2.0,261.0,338.0,84.0
Tyler Bernard,158.0,415.0,173.0,44.0,76.0,8.0,17.0,72.0,233.0,84.0
Henry Moore,124.0,321.0,112.0,71.0,35.0,0.0,5.0,72.0,220.0,209.0
Elizabeth Richards,148.0,475.0,110.0,78.0,15.0,3.0,2.0,90.0,299.0,148.0
Samantha Ferguson,154.0,594.0,591.0,384.0,134.0,0.0,43.0,414.0,403.0,353.0
Stacey Juarez,116.0,515.0,181.0,12.0,96.0,15.0,29.0,41.0,198.0,278.0
Deborah Richardson,133.0,501.0,345.0,26.0,7.0,250.0,18.0,70.0,181.0,182.0
Craig Lee,106.0,562.0,517.0,438.0,52.0,24.0,3.0,438.0,242.0,348.0
Christopher Cummings,155.0,587.0,226.0,121.0,65.0,28.0,6.0,127.0,310.0,96.0
Jessica Williams,128.0,443.0,132.0,115.0,8.0,7.0,0.0,117.0,71.0,188.0
Teresa Holmes,121.0,315.0,161.0,85.0,62.0,12.0,2.0,85.0,155.0,122.0
Kyle Nguyen,101.0,553.0,185.0,92.0,47.0,4.0,23.0,111.0,13.0,109.0
Taylor Moore,160.0,460.0,136.0,122.0,10.0,4.0,0.0,122.0,55.0,367.0
Cindy Clark,116.0,350.0,263.0,196.0,43.0,14.0,9.0,197.0,197.0,12.0
Marie Garcia,160.0,405.0,260.0,91.0,91.0,56.0,13.0,100.0,250.0,308.0
Joseph Brown,122.0,309.0,187.0,54.0,84.0,36.0,1.0,66.0,190.0,131.0
Lisa Bowen,112.0,320.0,299.0,182.0,56.0,1.0,17.0,225.0,156.0,105.0
Anna Anderson,103.0,458.0,139.0,116.0,13.0,4.0,4.0,118.0,291.0,95.0
Rachel Richmond,141.0,410.0,153.0,121.0,5.0,3.0,13.0,132.0,230.0,233.0
William Gonzalez,134.0,471.0,328.0,61.0,223.0,3.0,17.0,85.0,363.0,6.0
Andres Mullins,144.0,347.0,276.0,168.0,92.0,9.0,6.0,169.0,304.0,7.0
Leah Smith,156.0,582.0,407.0,333.0,44.0,13.0,13.0,337.0,189.0,517.0
David French,145.0,353.0,333.0,146.0,17.0,8.0,146.0,162.0,177.0,314.0
David Walker,158.0,432.0,170.0,154.0,2.0,0.0,0.0,168.0,94.0,261.0
William Williams,154.0,324.0,150.0,79.0,67.0,4.0,0.0,79.0,104.0,65.0
Jason Brady,123.0,304.0,110.0,47.0,6.0,14.0,15.0,75.0,213.0,121.0
Joshua Mann,102.0,506.0,209.0,85.0,40.0,73.0,4.0,92.0,76.0,275.0
Amanda Walls,109.0,548.0,290.0,15.0,257.0,1.0,17.0,15.0,545.0,506.0
Christopher Ward,135.0,529.0,254.0,209.0,44.0,1.0,0.0,209.0,181.0,502.0
Brandi Salazar,134.0,365.0,358.0,212.0,86.0,43.0,11.0,218.0,22.0,201.0
Mitchell Jones,160.0,437.0,349.0,150.0,67.0,55.0,24.0,203.0,277.0,160.0
Austin Costa,137.0,508.0,328.0,262.0,45.0,9.0,6.0,268.0,164.0,444.0
Loretta Castillo,137.0,547.0,464.0,409.0,33.0,17.0,4.0,410.0,117.0,458.0
Jose Willis,101.0,447.0,201.0,120.0,21.0,29.0,8.0,143.0,191.0,143.0
Mark Middleton,135.0,383.0,301.0,69.0,97.0,8.0,99.0,97.0,205.0,181.0
Amanda Barnes,155.0,498.0,421.0,193.0,134.0,16.0,8.0,263.0,79.0,279.0
Tracy Johnson,111.0,558.0,160.0,70.0,54.0,31.0,0.0,75.0,51.0,311.0
Annette Stevens,102.0,421.0,247.0,157.0,46.0,16.0,10.0,175.0,352.0,274.0
Jeanne Price,147.0,528.0,150.0,117.0,17.0,4.0,3.0,126.0,445.0,29.0
William Hunt,128.0,531.0,466.0,108.0,269.0,40.0,31.0,126.0,150.0,352.0
Julie Miller,125.0,476.0,204.0,29.0,86.0,20.0,63.0,35.0,297.0,302.0
Travis Middleton MD,142.0,430.0,187.0,22.0,136.0,11.0,1.0,39.0,238.0,336.0
Angela White MD,159.0,322.0,224.0,200.0,16.0,0.0,4.0,204.0,240.0,250.0
Dana Martin,154.0,424.0,307.0,274.0,20.0,2.0,0.0,285.0,142.0,266.0
Anna Barnett,150.0,574.0,202.0,108.0,65.0,28.0,0.0,109.0,142.0,295.0
Joshua Anderson,149.0,397.0,327.0,245.0,68.0,14.0,0.0,245.0,53.0,244.0
Andrew Caldwell MD,162.0,324.0,136.0,50.0,82.0,4.0,0.0,50.0,241.0,48.0
Jessica Vega,154.0,550.0,521.0,385.0,19.0,86.0,5.0,411.0,117.0,193.0
Beth Oneill,153.0,479.0,212.0,70.0,8.0,95.0,28.0,81.0,82.0,220.0
Thomas Parks,147.0,366.0,115.0,10.0,75.0,22.0,7.0,11.0,115.0,152.0
Christian Navarro,157.0,420.0,275.0,43.0,11.0,157.0,48.0,59.0,392.0,219.0
Bradley Salas,143.0,452.0,108.0,31.0,65.0,3.0,8.0,32.0,251.0,112.0
Donna Crawford,109.0,493.0,300.0,19.0,251.0,27.0,2.0,20.0,380.0,414.0
Alicia Powell,122.0,417.0,355.0,166.0,91.0,52.0,8.0,204.0,413.0,187.0
Allen Taylor,114.0,597.0,296.0,235.0,36.0,7.0,2.0,251.0,25.0,502.0
Beth Stafford,119.0,323.0,196.0,114.0,17.0,19.0,1.0,159.0,168.0,111.0
Angela Jackson,157.0,489.0,268.0,166.0,23.0,5.0,39.0,201.0,317.0,480.0
Shane Harvey,148.0,561.0,273.0,70.0,21.0,143.0,31.0,78.0,284.0,498.0
John Adams,142.0,472.0,225.0,224.0,0.0,0.0,1.0,224.0,422.0,193.0
Rachael Floyd,145.0,383.0,287.0,2.0,160.0,43.0,23.0,61.0,123.0,330.0
Richard Martin,162.0,550.0,226.0,209.0,14.0,3.0,0.0,209.0,212.0,392.0
Lisa Benton,103.0,555.0,276.0,187.0,49.0,4.0,16.0,207.0,26.0,252.0
Raymond Harmon,133.0,379.0,167.0,104.0,1.0,17.0,1.0,148.0,132.0,207.0
Mary Mccoy,157.0,499.0,207.0,101.0,18.0,13.0,71.0,105.0,403.0,96.0
Chloe Hernandez,143.0,307.0,163.0,72.0,31.0,4.0,2.0,126.0,174.0,66.0
Daniel Knight,104.0,585.0,228.0,154.0,55.0,1.0,18.0,154.0,491.0,293.0
Sarah Wang,159.0,519.0,313.0,108.0,128.0,16.0,47.0,122.0,463.0,191.0
Shaun Black,116.0,369.0,241.0,12.0,186.0,31.0,8.0,16.0,9.0,66.0
Christopher Ward,119.0,384.0,288.0,213.0,61.0,4.0,7.0,216.0,109.0,110.0
Todd Walters,110.0,482.0,126.0,11.0,57.0,55.0,3.0,11.0,137.0,228.0
Christopher Black,143.0,435.0,259.0,143.0,9.0,76.0,12.0,162.0,112.0,268.0
Megan Edwards,122.0,319.0,287.0,278.0,9.0,0.0,0.0,278.0,8.0,191.0
Tina Avery,126.0,522.0,406.0,241.0,76.0,87.0,0.0,243.0,475.0,410.0
Brian Perez,144.0,576.0,400.0,34.0,334.0,21.0,10.0,35.0,49.0,212.0
Lisa Washington,148.0,513.0,169.0,108.0,50.0,10.0,1.0,108.0,11.0,285.0
Jeremy Kent,132.0,435.0,208.0,12.0,28.0,70.0,38.0,72.0,147.0,230.0
Kevin Burnett,126.0,384.0,128.0,69.0,59.0,0.0,0.0,69.0,152.0,382.0
Manuel Murphy,144.0,561.0,533.0,57.0,121.0,36.0,17.0,359.0,201.0,100.0
Jennifer Doyle,118.0,537.0,221.0,4.0,180.0,19.0,16.0,6.0,455.0,115.0
Diana Gibson,106.0,364.0,137.0,109.0,19.0,4.0,4.0,110.0,264.0,152.0
Martha Wallace,134.0,314.0,143.0,73.0,36.0,9.0,24.0,74.0,37.0,245.0
Shannon Hughes,143.0,324.0,200.0,146.0,34.0,0.0,9.0,157.0,256.0,171.0
Jennifer Bennett,126.0,526.0,495.0,328.0,45.0,39.0,18.0,393.0,486.0,62.0
Leslie Perry,124.0,391.0,241.0,231.0,4.0,1.0,3.0,233.0,227.0,386.0
Kimberly Humphrey,117.0,389.0,176.0,97.0,27.0,19.0,7.0,123.0,178.0,144.0
Donald Brown,147.0,482.0,437.0,433.0,1.0,3.0,0.0,433.0,10.0,431.0
Christopher Figueroa,152.0,510.0,298.0,129.0,154.0,2.0,12.0,130.0,309.0,389.0
Brian Washington,154.0,477.0,432.0,70.0,27.0,258.0,9.0,138.0,469.0,7.0
Shelly Humphrey,121.0,421.0,328.0,203.0,13.0,46.0,46.0,223.0,210.0,346.0
Karen Willis,121.0,337.0,272.0,110.0,4.0,128.0,6.0,134.0,294.0,79.0
Mrs. Ashley Peterson,124.0,448.0,172.0,152.0,4.0,2.0,13.0,153.0,90.0,193.0
Michael King,106.0,559.0,261.0,118.0,38.0,59.0,16.0,148.0,405.0,457.0
Theodore Livingston,126.0,560.0,119.0,10.0,14.0,73.0,14.0,18.0,275.0,539.0
Lisa York,160.0,442.0,439.0,49.0,60.0,251.0,75.0,53.0,287.0,322.0
Casey Downs,158.0,462.0,383.0,218.0,105.0,1.0,25.0,252.0,425.0,146.0
Jordan Frey,136.0,402.0,121.0,64.0,22.0,5.0,6.0,88.0,99.0,295.0
Crystal Kent,101.0,374.0,265.0,117.0,74.0,74.0,0.0,117.0,247.0,244.0
Rachel Kelly,141.0,590.0,560.0,142.0,284.0,125.0,4.0,147.0,69.0,1.0
Joyce Mendez,122.0,552.0,285.0,220.0,24.0,12.0,23.0,226.0,233.0,197.0
Melanie Choi,122.0,426.0,106.0,67.0,20.0,4.0,11.0,71.0,73.0,90.0
Troy Sanders,134.0,379.0,104.0,27.0,16.0,59.0,2.0,27.0,148.0,293.0
Maria Richardson,117.0,379.0,105.0,53.0,36.0,15.0,1.0,53.0,206.0,26.0
Cheyenne Davis,156.0,551.0,439.0,387.0,34.0,0.0,13.0,392.0,512.0,297.0
Robert Wilson,131.0,357.0,176.0,53.0,121.0,2.0,0.0,53.0,65.0,349.0
Briana Powell,118.0,519.0,351.0,166.0,55.0,104.0,15.0,177.0,391.0,279.0
Kathryn Sanchez,102.0,435.0,280.0,16.0,173.0,82.0,6.0,19.0,86.0,268.0
Sherry Rice,138.0,460.0,326.0,280.0,25.0,4.0,15.0,282.0,176.0,332.0
Evan Sheppard,137.0,402.0,217.0,110.0,99.0,8.0,0.0,110.0,207.0,138.0
Kristina Brooks,137.0,580.0,436.0,316.0,116.0,1.0,0.0,319.0,177.0,382.0
Justin Vazquez,153.0,337.0,120.0,6.0,68.0,29.0,16.0,7.0,17.0,86.0
Norma Smith,146.0,305.0,209.0,9.0,175.0,10.0,1.0,23.0,134.0,178.0
Seth Dennis,123.0,489.0,141.0,21.0,24.0,59.0,16.0,42.0,297.0,426.0
Wesley Williams,161.0,306.0,296.0,50.0,39.0,59.0,33.0,165.0,273.0,113.0
Samantha Watson,158.0,410.0,354.0,258.0,40.0,7.0,41.0,266.0,341.0,56.0
George Wood,120.0,333.0,105.0,25.0,71.0,3.0,5.0,26.0,57.0,163.0
Mary Martinez,128.0,554.0,381.0,177.0,86.0,113.0,5.0,177.0,348.0,490.0
Taylor Ruiz,108.0,372.0,116.0,47.0,57.0,5.0,3.0,51.0,357.0,204.0
Richard Fitzgerald,118.0,357.0,303.0,42.0,33.0,49.0,1.0,220.0,1.0,258.0
Heather Nichols,145.0,504.0,397.0,340.0,56.0,0.0,0.0,341.0,446.0,315.0
Joshua Williams,112.0,372.0,319.0,195.0,13.0,62.0,47.0,197.0,226.0,324.0
Rita Simmons,140.0,377.0,148.0,100.0,20.0,26.0,0.0,102.0,212.0,124.0
Hector Gross,157.0,490.0,253.0,222.0,27.0,1.0,1.0,224.0,201.0,448.0
Joel Parker,103.0,506.0,134.0,84.0,13.0,32.0,1.0,88.0,305.0,425.0
Angelica Randall MD,141.0,329.0,219.0,108.0,30.0,24.0,48.0,117.0,306.0,273.0
Mary Taylor,131.0,373.0,220.0,63.0,38.0,113.0,0.0,69.0,272.0,309.0
Susan Gould,151.0,397.0,149.0,38.0,70.0,24.0,11.0,44.0,392.0,226.0
Matthew Rogers,124.0,328.0,213.0,24.0,120.0,28.0,3.0,62.0,184.0,286.0
Kimberly Swanson,131.0,423.0,359.0,304.0,1.0,10.0,29.0,319.0,349.0,315.0
Juan Peterson,143.0,388.0,135.0,122.0,5.0,3.0,2.0,125.0,229.0,240.0
Michael Dudley,158.0,360.0,104.0,20.0,43.0,31.0,5.0,25.0,324.0,247.0
Elizabeth Arnold,154.0,366.0,202.0,83.0,65.0,31.0,5.0,101.0,237.0,288.0
William Stevens,130.0,351.0,127.0,13.0,93.0,1.0,9.0,24.0,17.0,318.0
James Hanna,107.0,600.0,542.0,348.0,189.0,5.0,0.0,348.0,387.0,64.0
Courtney Patel,116.0,519.0,466.0,425.0,34.0,1.0,0.0,431.0,375.0,210.0
Mrs. Cassandra Gregory,130.0,496.0,369.0,268.0,9.0,65.0,25.0,270.0,8.0,140.0
Michael Gray,117.0,415.0,395.0,363.0,1.0,9.0,15.0,370.0,45.0,189.0
Sandy Williams,104.0,568.0,476.0,251.0,182.0,3.0,7.0,284.0,32.0,69.0
Sarah Atkinson,101.0,494.0,301.0,175.0,44.0,27.0,40.0,190.0,151.0,389.0
Phyllis Green,121.0,465.0,460.0,125.0,15.0,219.0,72.0,154.0,430.0,0.0
Jason Jackson,149.0,491.0,252.0,139.0,69.0,28.0,8.0,147.0,431.0,205.0
Matthew Jordan,134.0,315.0,285.0,216.0,52.0,15.0,2.0,216.0,38.0,174.0
Rachael Hernandez,136.0,351.0,126.0,120.0,1.0,5.0,0.0,120.0,262.0,105.0
Christina Keller,124.0,581.0,525.0,230.0,282.0,5.0,4.0,234.0,315.0,305.0
Marie Taylor,141.0,491.0,155.0,34.0,69.0,12.0,11.0,63.0,137.0,486.0
Mitchell Doyle,112.0,535.0,427.0,79.0,307.0,17.0,20.0,83.0,67.0,469.0
Michael Lee,148.0,306.0,244.0,16.0,125.0,75.0,25.0,19.0,43.0,3.0
Frank Roberts,119.0,370.0,226.0,2.0,132.0,2.0,34.0,58.0,83.0,306.0
Fred Terrell,105.0,600.0,532.0,479.0,1.0,42.0,7.0,482.0,493.0,345.0
Alex Edwards,106.0,430.0,420.0,250.0,138.0,15.0,4.0,263.0,11.0,302.0
Nancy Smith,106.0,307.0,164.0,86.0,43.0,1.0,29.0,91.0,129.0,196.0
Jamie Jackson,125.0,361.0,215.0,2.0,121.0,75.0,15.0,4.0,231.0,165.0
Chad Gordon,145.0,593.0,140.0,140.0,0.0,0.0,0.0,140.0,523.0,442.0
Michael Brown,102.0,582.0,191.0,124.0,22.0,30.0,8.0,131.0,336.0,87.0
Rebecca Lane,131.0,360.0,224.0,103.0,6.0,69.0,15.0,134.0,15.0,208.0
Amy Roach,124.0,307.0,306.0,99.0,93.0,75.0,23.0,115.0,230.0,230.0
Brian Moore,161.0,499.0,367.0,104.0,146.0,43.0,24.0,154.0,431.0,288.0
Catherine Russo,121.0,479.0,158.0,136.0,21.0,1.0,0.0,136.0,332.0,413.0
Michael Chase,119.0,409.0,281.0,67.0,39.0,7.0,60.0,175.0,194.0,156.0
Rodney Lee,141.0,391.0,312.0,307.0,2.0,1.0,2.0,307.0,118.0,66.0
Eric Davidson,129.0,500.0,353.0,269.0,26.0,57.0,0.0,270.0,52.0,294.0
Stephanie Johnson,151.0,335.0,101.0,78.0,23.0,0.0,0.0,78.0,111.0,14.0
Michael Phelps,104.0,442.0,339.0,35.0,121.0,94.0,14.0,110.0,391.0,85.0
Lori Yates,161.0,560.0,180.0,48.0,123.0,8.0,0.0,49.0,509.0,77.0
Mr. Gary Woods,113.0,316.0,182.0,90.0,16.0,17.0,37.0,112.0,289.0,236.0
Kristina Lane,158.0,320.0,172.0,117.0,51.0,3.0,1.0,117.0,108.0,139.0
Mrs. Kathleen Vasquez,141.0,390.0,342.0,296.0,29.0,10.0,4.0,299.0,47.0,238.0
David Hahn,137.0,485.0,262.0,81.0,161.0,8.0,2.0,91.0,449.0,329.0
Casey Peters,152.0,577.0,490.0,238.0,190.0,6.0,11.0,283.0,164.0,303.0
Adam Davis,155.0,415.0,323.0,40.0,179.0,54.0,8.0,82.0,297.0,100.0
Stephen Smith,149.0,560.0,243.0,173.0,17.0,32.0,0.0,194.0,310.0,260.0
Melissa Bailey,106.0,409.0,237.0,61.0,133.0,25.0,14.0,65.0,359.0,177.0
Samantha Mora,143.0,345.0,109.0,95.0,4.0,3.0,7.0,95.0,262.0,220.0
Michael King,118.0,567.0,217.0,53.0,7.0,141.0,5.0,64.0,185.0,72.0
Hunter Valenzuela,115.0,568.0,125.0,103.0,7.0,0.0,10.0,108.0,212.0,545.0
Amber Mendoza,162.0,518.0,114.0,76.0,13.0,20.0,2.0,79.0,501.0,493.0
Denise Mcconnell,145.0,344.0,243.0,177.0,63.0,0.0,2.0,178.0,274.0,205.0
Claudia Scott,151.0,300.0,249.0,126.0,14.0,65.0,21.0,149.0,141.0,240.0
Anna Jones,158.0,549.0,340.0,242.0,78.0,0.0,16.0,246.0,391.0,368.0
Robert Hernandez,107.0,585.0,487.0,436.0,45.0,1.0,5.0,436.0,217.0,71.0
Christopher Daugherty,140.0,542.0,267.0,41.0,191.0,16.0,5.0,55.0,381.0,508.0
William Edwards,148.0,338.0,170.0,43.0,62.0,34.0,25.0,49.0,217.0,313.0
Melanie Brown,161.0,472.0,109.0,49.0,7.0,14.0,8.0,80.0,51.0,35.0
Janice Pearson,156.0,517.0,238.0,118.0,15.0,26.0,49.0,148.0,491.0,96.0
Jason Patel,139.0,396.0,184.0,81.0,101.0,2.0,0.0,81.0,39.0,351.0
Katelyn Jones MD,141.0,552.0,250.0,163.0,63.0,19.0,0.0,168.0,300.0,543.0
Jason Yang,160.0,593.0,188.0,7.0,5.0,160.0,7.0,16.0,34.0,58.0
Julie Parks,136.0,465.0,330.0,230.0,97.0,2.0,1.0,230.0,374.0,317.0
John Medina,142.0,360.0,225.0,84.0,86.0,27.0,27.0,85.0,221.0,132.0
Wendy Gray,103.0,461.0,193.0,34.0,157.0,2.0,0.0,34.0,333.0,448.0
Donna Collins,159.0,513.0,245.0,245.0,0.0,0.0,0.0,245.0,126.0,239.0
Michelle Evans,109.0,559.0,510.0,28.0,42.0,228.0,55.0,185.0,388.0,389.0
Jessica King,119.0,493.0,381.0,210.0,109.0,49.0,1.0,222.0,191.0,445.0
Larry Yu,133.0,526.0,294.0,251.0,37.0,3.0,0.0,254.0,358.0,348.0
John Hudson,121.0,587.0,353.0,346.0,4.0,0.0,1.0,348.0,369.0,193.0
Shawn Pitts,134.0,580.0,576.0,154.0,391.0,11.0,8.0,166.0,390.0,295.0
Christopher Cooke,159.0,564.0,119.0,91.0,16.0,1.0,0.0,102.0,415.0,56.0
Molly Nichols,157.0,415.0,156.0,76.0,15.0,19.0,3.0,119.0,266.0,393.0
Melody Gibson,139.0,456.0,150.0,145.0,0.0,3.0,0.0,147.0,12.0,107.0
Daniel Rodgers,159.0,428.0,135.0,72.0,12.0,50.0,0.0,73.0,34.0,159.0
Kimberly Harrison,148.0,450.0,308.0,219.0,18.0,51.0,17.0,222.0,123.0,170.0
Ricky Taylor,121.0,439.0,434.0,388.0,6.0,31.0,5.0,392.0,260.0,279.0
Shawn Gates,150.0,543.0,221.0,96.0,74.0,27.0,0.0,120.0,268.0,280.0
Jennifer Turner,117.0,480.0,443.0,37.0,150.0,211.0,4.0,78.0,338.0,460.0
Carla Lewis,122.0,527.0,491.0,423.0,37.0,20.0,1.0,433.0,306.0,383.0
Troy Chapman,160.0,541.0,443.0,98.0,28.0,32.0,224.0,159.0,409.0,219.0
Regina Munoz,120.0,417.0,355.0,263.0,2.0,74.0,14.0,265.0,215.0,177.0
Jack Carrillo,104.0,537.0,456.0,211.0,228.0,5.0,4.0,219.0,27.0,83.0
Angel Valenzuela,134.0,338.0,245.0,177.0,8.0,58.0,0.0,179.0,322.0,320.0
Nicholas Knight,110.0,561.0,403.0,307.0,48.0,25.0,7.0,323.0,43.0,119.0
Kelly Salazar,155.0,577.0,146.0,55.0,76.0,1.0,14.0,55.0,180.0,442.0
Tonya Ford,146.0,498.0,460.0,171.0,197.0,3.0,80.0,180.0,469.0,330.0
Christine Fleming,123.0,306.0,300.0,27.0,25.0,187.0,54.0,34.0,221.0,65.0
Ariel Brown,162.0,466.0,142.0,17.0,22.0,84.0,10.0,26.0,201.0,110.0
Lisa Robinson,155.0,513.0,271.0,88.0,83.0,26.0,45.0,117.0,57.0,412.0
Greg Roy,142.0,475.0,456.0,176.0,145.0,31.0,52.0,228.0,393.0,227.0
Emma Wise,106.0,403.0,311.0,84.0,48.0,131.0,2.0,130.0,19.0,198.0
Donald Wright,157.0,513.0,327.0,68.0,191.0,14.0,47.0,75.0,471.0,434.0
Stephanie Morris,138.0,451.0,450.0,232.0,2.0,165.0,28.0,255.0,447.0,363.0
James Jones,108.0,587.0,576.0,151.0,109.0,153.0,110.0,204.0,250.0,162.0
Yesenia Mitchell,143.0,484.0,292.0,4.0,190.0,14.0,20.0,68.0,417.0,141.0
Stacy Mendez,132.0,380.0,246.0,37.0,118.0,58.0,27.0,43.0,50.0,98.0
Jonathan Webb,157.0,471.0,258.0,193.0,10.0,14.0,4.0,230.0,212.0,442.0
Matthew Jacobs,128.0,358.0,120.0,58.0,21.0,40.0,0.0,59.0,314.0,302.0
Douglas Rodgers,112.0,317.0,157.0,157.0,0.0,0.0,0.0,157.0,276.0,258.0
Bryan Costa,133.0,387.0,263.0,124.0,12.0,51.0,3.0,197.0,45.0,221.0
William Johnson,143.0,307.0,227.0,218.0,2.0,6.0,1.0,218.0,98.0,278.0
Michael Nelson,136.0,428.0,145.0,76.0,69.0,0.0,0.0,76.0,71.0,281.0
Amy Perez,141.0,310.0,188.0,146.0,27.0,3.0,2.0,156.0,229.0,61.0
Kelly Lee,145.0,414.0,399.0,331.0,28.0,40.0,0.0,331.0,197.0,202.0
Jessica Flores,147.0,441.0,171.0,28.0,26.0,42.0,34.0,69.0,108.0,266.0
Teresa Lopez,126.0,568.0,544.0,384.0,42.0,87.0,28.0,387.0,247.0,131.0
Thomas Conley,112.0,498.0,297.0,170.0,112.0,9.0,4.0,172.0,244.0,450.0
Kevin Harper,147.0,503.0,273.0,77.0,6.0,126.0,32.0,109.0,426.0,32.0
David Powell,115.0,599.0,263.0,248.0,13.0,2.0,0.0,248.0,542.0,13.0
Billy Mills,107.0,488.0,166.0,149.0,10.0,3.0,1.0,152.0,258.0,275.0
Jessica Estes,116.0,394.0,331.0,16.0,243.0,36.0,29.0,23.0,350.0,332.0
Teresa Hayes DDS,135.0,341.0,193.0,4.0,163.0,11.0,12.0,7.0,190.0,214.0
Nancy Yates,116.0,448.0,106.0,13.0,27.0,60.0,2.0,17.0,413.0,406.0
Bonnie Marshall,127.0,349.0,159.0,51.0,93.0,12.0,0.0,54.0,325.0,31.0
Andrew Torres,161.0,406.0,316.0,279.0,5.0,0.0,18.0,293.0,199.0,297.0
Robert Smith,151.0,437.0,258.0,17.0,216.0,7.0,12.0,23.0,317.0,63.0
Virginia Ford,154.0,531.0,531.0,380.0,12.0,112.0,1.0,406.0,253.0,297.0
Michael Campbell,108.0,500.0,217.0,174.0,14.0,24.0,3.0,176.0,22.0,389.0
Cory Smith,162.0,306.0,289.0,72.0,25.0,0.0,191.0,73.0,163.0,269.0
Chad Smith,132.0,353.0,281.0,20.0,136.0,64.0,25.0,56.0,149.0,192.0
Katherine Bishop,119.0,402.0,134.0,99.0,4.0,23.0,1.0,106.0,258.0,335.0
Ricardo Estrada,143.0,338.0,101.0,41.0,29.0,2.0,0.0,70.0,194.0,175.0
Michael Lynn,128.0,347.0,333.0,93.0,144.0,30.0,9.0,150.0,53.0,108.0
Melanie Sanchez,162.0,516.0,341.0,144.0,68.0,87.0,33.0,153.0,300.0,260.0
Alicia Gould,122.0,464.0,335.0,59.0,94.0,71.0,11.0,159.0,455.0,309.0
Kevin Clark,112.0,521.0,182.0,67.0,91.0,24.0,0.0,67.0,252.0,281.0
Sharon Gonzales,160.0,394.0,213.0,187.0,2.0,6.0,1.0,204.0,287.0,77.0
Debra Chavez,107.0,531.0,124.0,76.0,5.0,13.0,24.0,82.0,421.0,316.0
Andrew Gray,109.0,484.0,347.0,89.0,128.0,26.0,63.0,130.0,355.0,278.0
John Malone,131.0,366.0,193.0,76.0,85.0,14.0,9.0,85.0,217.0,7.0
Karen Reeves,155.0,409.0,128.0,76.0,18.0,26.0,6.0,78.0,164.0,150.0
Ashley Lynn,135.0,346.0,293.0,44.0,218.0,16.0,12.0,47.0,127.0,289.0
Christian Thomas,123.0,476.0,408.0,1.0,209.0,127.0,21.0,51.0,268.0,334.0
Jeremy Clark,107.0,402.0,122.0,55.0,6.0,58.0,0.0,58.0,194.0,131.0
Jacqueline Marshall,109.0,328.0,318.0,280.0,18.0,9.0,6.0,285.0,297.0,139.0
Joseph Brooks,108.0,488.0,415.0,265.0,103.0,24.0,11.0,277.0,289.0,286.0
Meghan Hayes,126.0,509.0,360.0,239.0,116.0,2.0,0.0,242.0,325.0,291.0
Krystal Jones,123.0,581.0,453.0,39.0,374.0,11.0,25.0,43.0,569.0,561.0
Kathryn Simon,132.0,357.0,291.0,179.0,74.0,24.0,0.0,193.0,76.0,292.0
Christina Alvarez,125.0,554.0,202.0,19.0,126.0,55.0,0.0,21.0,105.0,170.0
Suzanne Bush,104.0,491.0,360.0,280.0,19.0,48.0,13.0,280.0,487.0,249.0
Dustin Thompson,145.0,549.0,118.0,38.0,34.0,38.0,3.0,43.0,205.0,84.0
Jeffrey Bush,143.0,390.0,231.0,144.0,30.0,3.0,10.0,188.0,297.0,260.0
Denise Morgan,132.0,529.0,108.0,85.0,1.0,19.0,2.0,86.0,495.0,5.0
Albert Dixon,153.0,570.0,297.0,284.0,8.0,1.0,4.0,284.0,51.0,19.0
Kathleen Wallace,141.0,334.0,144.0,24.0,21.0,35.0,40.0,48.0,7.0,250.0
Robert Ortiz,101.0,386.0,125.0,80.0,5.0,24.0,5.0,91.0,288.0,176.0
Michelle Reid,115.0,383.0,249.0,95.0,9.0,50.0,94.0,96.0,295.0,331.0
Kimberly Robinson,135.0,535.0,406.0,36.0,353.0,1.0,12.0,40.0,354.0,219.0
Christopher Hernandez,150.0,312.0,171.0,163.0,5.0,1.0,2.0,163.0,115.0,208.0
Michael Weeks,143.0,507.0,124.0,104.0,14.0,5.0,1.0,104.0,461.0,487.0
Raven Barnett,108.0,498.0,170.0,1.0,147.0,9.0,1.0,13.0,322.0,254.0
Aaron Hooper,128.0,551.0,367.0,53.0,307.0,4.0,3.0,53.0,417.0,61.0
John Daniels,117.0,382.0,104.0,98.0,2.0,2.0,1.0,99.0,254.0,179.0
Sheila Wilson,158.0,498.0,314.0,7.0,231.0,51.0,5.0,27.0,313.0,364.0
Jacqueline Lopez,161.0,567.0,465.0,250.0,101.0,54.0,25.0,285.0,356.0,421.0
Justin Mendoza,120.0,384.0,133.0,81.0,3.0,49.0,0.0,81.0,8.0,129.0
Cynthia Holmes,103.0,327.0,135.0,58.0,26.0,14.0,0.0,95.0,9.0,98.0
Jacob Downs,144.0,322.0,148.0,107.0,3.0,5.0,12.0,128.0,168.0,163.0
Amanda Hampton MD,117.0,351.0,246.0,32.0,174.0,23.0,6.0,43.0,129.0,183.0
Savannah Barton,162.0,319.0,128.0,91.0,10.0,3.0,3.0,112.0,271.0,318.0
Joseph Garcia MD,137.0,475.0,220.0,40.0,177.0,1.0,2.0,40.0,74.0,285.0
James Roberts,140.0,335.0,116.0,106.0,6.0,4.0,0.0,106.0,161.0,144.0
Alfred Wilkinson,118.0,574.0,434.0,108.0,110.0,18.0,14.0,292.0,230.0,50.0
Katelyn Atkinson,143.0,455.0,269.0,179.0,76.0,4.0,2.0,187.0,229.0,257.0
Samuel Ross,100.0,510.0,494.0,292.0,92.0,89.0,5.0,308.0,233.0,383.0
Eric Garcia,109.0,427.0,325.0,286.0,0.0,15.0,1.0,309.0,292.0,386.0
Veronica Ferrell,114.0,534.0,274.0,235.0,19.0,14.0,6.0,235.0,323.0,515.0
Joshua Brown,120.0,573.0,553.0,147.0,207.0,186.0,5.0,155.0,317.0,254.0
James Ware,106.0,589.0,534.0,177.0,187.0,20.0,75.0,252.0,472.0,529.0
Daniel Harding DDS,159.0,577.0,451.0,82.0,215.0,34.0,61.0,141.0,454.0,397.0
Colleen Mcdaniel,136.0,313.0,138.0,80.0,13.0,11.0,23.0,91.0,154.0,14.0
Luke Becker,162.0,578.0,329.0,29.0,137.0,84.0,56.0,52.0,546.0,2.0
William Smith,111.0,558.0,105.0,40.0,59.0,2.0,3.0,41.0,109.0,252.0
Raymond Williams,116.0,458.0,249.0,0.0,63.0,80.0,72.0,34.0,289.0,48.0
Steven Gallagher,121.0,594.0,399.0,330.0,46.0,18.0,3.0,332.0,84.0,451.0
Denise Colon,106.0,529.0,516.0,430.0,75.0,6.0,5.0,430.0,286.0,201.0
Jackie Bennett,150.0,423.0,138.0,62.0,23.0,35.0,11.0,69.0,5.0,159.0
Mr. Ricky Wallace,115.0,582.0,395.0,132.0,77.0,173.0,7.0,138.0,74.0,131.0
Cody Thornton,114.0,438.0,225.0,161.0,34.0,6.0,9.0,176.0,170.0,421.0
Jennifer Murray,128.0,322.0,105.0,59.0,1.0,20.0,13.0,71.0,119.0,43.0
Cynthia Fletcher,147.0,520.0,286.0,33.0,232.0,9.0,1.0,44.0,172.0,196.0
Rhonda Scott,149.0,589.0,135.0,75.0,10.0,9.0,39.0,77.0,207.0,14.0
Patricia Newman,134.0,594.0,490.0,391.0,16.0,31.0,39.0,404.0,473.0,385.0
Tyler White,127.0,524.0,452.0,445.0,5.0,1.0,1.0,445.0,373.0,121.0
Joanne Fox,125.0,381.0,256.0,20.0,58.0,17.0,132.0,49.0,326.0,6.0
Ariana Adams,101.0,430.0,406.0,396.0,1.0,1.0,0.0,404.0,393.0,115.0
Holly Stokes,117.0,536.0,213.0,4.0,178.0,26.0,3.0,6.0,40.0,196.0
Lisa Chambers,153.0,597.0,272.0,17.0,55.0,62.0,1.0,154.0,596.0,80.0
Emily Washington,122.0,333.0,328.0,186.0,74.0,52.0,0.0,202.0,174.0,310.0
Benjamin Townsend,122.0,597.0,142.0,62.0,49.0,11.0,19.0,63.0,340.0,99.0
Maria Franklin,129.0,471.0,459.0,148.0,260.0,39.0,3.0,157.0,232.0,328.0
Jason Weaver,130.0,406.0,134.0,47.0,71.0,4.0,10.0,49.0,247.0,31.0
Joshua Walters,132.0,564.0,176.0,51.0,9.0,113.0,1.0,53.0,95.0,185.0
John Velez,104.0,409.0,139.0,34.0,92.0,10.0,0.0,37.0,11.0,20.0
Jenna Romero,128.0,314.0,301.0,148.0,0.0,136.0,14.0,151.0,187.0,216.0
Christopher Saunders,109.0,373.0,101.0,47.0,26.0,6.0,14.0,55.0,197.0,86.0
Alexis Sharp,160.0,468.0,412.0,198.0,80.0,80.0,27.0,225.0,225.0,222.0
Michelle Miller,104.0,590.0,147.0,30.0,108.0,5.0,2.0,32.0,524.0,452.0
Jennifer Deleon,132.0,531.0,503.0,222.0,231.0,32.0,18.0,222.0,335.0,33.0
Marissa Wilson,136.0,458.0,317.0,64.0,226.0,11.0,10.0,70.0,434.0,309.0
Rachel Phelps,145.0,517.0,383.0,114.0,68.0,2.0,106.0,207.0,197.0,107.0
Matthew Smith,101.0,319.0,152.0,60.0,9.0,25.0,29.0,89.0,311.0,13.0
Peter Simmons,109.0,375.0,277.0,7.0,165.0,8.0,85.0,19.0,367.0,100.0
Brent Jones,110.0,577.0,110.0,16.0,47.0,32.0,9.0,22.0,434.0,432.0
Donald Shields,114.0,478.0,367.0,199.0,112.0,39.0,0.0,216.0,186.0,207.0
Kevin Bowers,126.0,486.0,333.0,328.0,4.0,1.0,0.0,328.0,98.0,10.0
Lonnie Richardson,131.0,581.0,173.0,123.0,7.0,24.0,7.0,135.0,8.0,46.0
Kaitlyn Colon,141.0,377.0,313.0,294.0,6.0,5.0,2.0,300.0,365.0,346.0
Katherine Christensen,125.0,429.0,275.0,266.0,6.0,3.0,0.0,266.0,9.0,283.0
Gloria Miller,151.0,579.0,208.0,105.0,17.0,71.0,11.0,109.0,268.0,13.0
Meredith Silva,150.0,519.0,371.0,235.0,9.0,55.0,69.0,238.0,340.0,81.0
Scott Ward,159.0,386.0,336.0,308.0,16.0,8.0,2.0,310.0,157.0,346.0
Brittany Arnold,153.0,375.0,124.0,31.0,48.0,20.0,5.0,51.0,57.0,15.0
Ronald Stewart,119.0,408.0,213.0,205.0,0.0,1.0,0.0,212.0,185.0,69.0
Michelle Greene,161.0,567.0,237.0,68.0,8.0,151.0,0.0,78.0,383.0,29.0
Bryan Ross,124.0,474.0,266.0,134.0,44.0,9.0,13.0,200.0,432.0,307.0
Matthew Green,128.0,469.0,233.0,203.0,14.0,16.0,0.0,203.0,188.0,347.0
Bryan Brown,125.0,454.0,106.0,75.0,24.0,3.0,0.0,79.0,84.0,313.0
Amanda Lopez,107.0,540.0,223.0,46.0,102.0,67.0,7.0,47.0,181.0,529.0
Marcus Larson,154.0,321.0,179.0,131.0,10.0,14.0,14.0,141.0,281.0,101.0
Eric Fitzgerald,101.0,323.0,195.0,2.0,93.0,66.0,19.0,17.0,216.0,155.0
Terrance Taylor,120.0,411.0,112.0,46.0,59.0,1.0,2.0,50.0,81.0,170.0
Luis Martinez,116.0,362.0,196.0,82.0,79.0,7.0,27.0,83.0,67.0,36.0
Kristen Howard,124.0,527.0,220.0,54.0,161.0,5.0,0.0,54.0,384.0,152.0
Eric Davis,135.0,364.0,193.0,174.0,19.0,0.0,0.0,174.0,343.0,105.0
Robert Nunez,142.0,539.0,413.0,186.0,36.0,80.0,16.0,281.0,199.0,327.0
Theresa Hawkins,108.0,597.0,515.0,27.0,162.0,35.0,206.0,112.0,264.0,591.0
Charles Holland,100.0,433.0,269.0,191.0,17.0,12.0,11.0,229.0,376.0,33.0
Michael Anderson,119.0,426.0,311.0,187.0,75.0,14.0,27.0,195.0,92.0,212.0
Sara Miller,137.0,491.0,418.0,179.0,6.0,203.0,30.0,179.0,156.0,235.0
Lisa Mckenzie,133.0,551.0,361.0,233.0,71.0,2.0,20.0,268.0,519.0,51.0
Miss Erica Hall,148.0,300.0,107.0,70.0,31.0,6.0,0.0,70.0,1.0,185.0
Michelle Malone,130.0,400.0,306.0,163.0,48.0,85.0,3.0,170.0,146.0,174.0
Kristen Hartman,107.0,540.0,475.0,4.0,365.0,94.0,12.0,4.0,439.0,225.0
Kelly Smith,149.0,464.0,390.0,258.0,128.0,3.0,0.0,259.0,413.0,13.0
Christopher King,132.0,328.0,113.0,79.0,12.0,16.0,3.0,82.0,232.0,231.0
Suzanne Gordon,119.0,567.0,311.0,277.0,34.0,0.0,0.0,277.0,183.0,311.0
Brooke Nelson,117.0,315.0,231.0,116.0,56.0,0.0,29.0,146.0,67.0,110.0
Caleb Blair,100.0,438.0,435.0,177.0,136.0,1.0,27.0,271.0,297.0,85.0
Adam Hampton,129.0,378.0,235.0,83.0,63.0,7.0,3.0,162.0,222.0,277.0
Matthew Brown,107.0,478.0,332.0,176.0,65.0,20.0,37.0,210.0,390.0,160.0
Shannon Fox,111.0,535.0,224.0,117.0,46.0,56.0,3.0,119.0,268.0,35.0
Ashley Cochran,140.0,581.0,166.0,44.0,55.0,54.0,1.0,56.0,493.0,134.0
Mary Castro,112.0,504.0,299.0,26.0,32.0,87.0,102.0,78.0,67.0,4.0
Diane Conner,106.0,363.0,260.0,24.0,70.0,36.0,80.0,74.0,43.0,40.0
Lauren Chavez,111.0,476.0,256.0,159.0,61.0,9.0,18.0,168.0,300.0,72.0
Melissa Martinez,106.0,571.0,139.0,0.0,101.0,24.0,1.0,13.0,124.0,471.0
Krystal Stevens,125.0,379.0,363.0,208.0,44.0,13.0,59.0,247.0,66.0,231.0
Scott Peters,158.0,470.0,340.0,272.0,19.0,24.0,12.0,285.0,81.0,19.0
Patrick Carney MD,116.0,423.0,106.0,74.0,21.0,5.0,2.0,78.0,120.0,291.0
Gwendolyn Martinez,107.0,507.0,408.0,287.0,1.0,35.0,44.0,328.0,478.0,307.0
Ariana Thompson,116.0,445.0,142.0,45.0,21.0,36.0,11.0,74.0,76.0,197.0
Mr. Kevin Chaney DDS,116.0,407.0,273.0,85.0,127.0,0.0,38.0,108.0,295.0,162.0
Dominique Simpson,161.0,345.0,232.0,88.0,76.0,46.0,6.0,104.0,240.0,86.0
Andrea Kim,131.0,419.0,351.0,298.0,41.0,8.0,2.0,300.0,17.0,286.0
Stacy Vazquez,145.0,429.0,105.0,41.0,47.0,0.0,8.0,50.0,139.0,17.0
Michael Morris,120.0,390.0,157.0,53.0,57.0,19.0,4.0,77.0,336.0,4.0
Richard Banks,134.0,511.0,265.0,153.0,7.0,31.0,34.0,193.0,100.0,273.0
Linda Gallagher,130.0,548.0,108.0,27.0,37.0,11.0,9.0,51.0,266.0,459.0
Charles Woods,117.0,585.0,190.0,54.0,25.0,110.0,0.0,55.0,440.0,293.0
Kyle Morrison,101.0,342.0,224.0,209.0,1.0,4.0,4.0,215.0,107.0,256.0
Elizabeth Marks,153.0,515.0,380.0,317.0,19.0,27.0,11.0,323.0,318.0,96.0
Dennis Patel,119.0,334.0,259.0,70.0,134.0,12.0,15.0,98.0,106.0,140.0
Jessica Price,151.0,380.0,147.0,23.0,69.0,37.0,8.0,33.0,173.0,173.0
Rachel Nunez,115.0,300.0,198.0,59.0,97.0,20.0,0.0,81.0,146.0,81.0
Dorothy Brown,153.0,349.0,153.0,62.0,83.0,2.0,2.0,66.0,335.0,232.0
Garrett Garcia,102.0,302.0,254.0,144.0,77.0,10.0,22.0,145.0,10.0,14.0
Timothy Short,100.0,396.0,333.0,42.0,83.0,105.0,61.0,84.0,164.0,306.0
Jennifer Hines,161.0,481.0,139.0,16.0,98.0,4.0,21.0,16.0,89.0,274.0
Daniel Johnson,150.0,368.0,339.0,23.0,103.0,23.0,58.0,155.0,273.0,359.0
Carol Shaw,141.0,522.0,247.0,16.0,146.0,47.0,1.0,53.0,453.0,357.0
Matthew Mitchell,144.0,471.0,399.0,357.0,38.0,2.0,1.0,358.0,373.0,246.0
Randy Mcdaniel,140.0,333.0,244.0,229.0,7.0,4.0,1.0,232.0,235.0,221.0
Nichole David,155.0,516.0,333.0,142.0,182.0,1.0,6.0,144.0,53.0,421.0
Robert Holloway,118.0,394.0,338.0,224.0,61.0,9.0,24.0,244.0,211.0,253.0
Andrea Kim,137.0,384.0,128.0,42.0,9.0,42.0,26.0,51.0,24.0,321.0
Stacey Clark,106.0,302.0,256.0,63.0,69.0,96.0,14.0,77.0,214.0,69.0
Nathaniel Alexander,144.0,389.0,254.0,61.0,150.0,27.0,9.0,68.0,252.0,77.0
Jason Compton,118.0,514.0,422.0,327.0,88.0,1.0,4.0,329.0,269.0,393.0
Robert Mays,112.0,510.0,258.0,245.0,0.0,10.0,0.0,248.0,260.0,479.0
Andrew Garcia,116.0,392.0,329.0,104.0,141.0,39.0,39.0,110.0,243.0,228.0
Miranda Brown,143.0,319.0,313.0,149.0,105.0,46.0,9.0,153.0,184.0,154.0
Anna West,143.0,451.0,354.0,237.0,39.0,29.0,9.0,277.0,342.0,264.0
Stephanie Ritter,103.0,369.0,162.0,158.0,0.0,2.0,2.0,158.0,245.0,27.0
Paul Gray,145.0,436.0,293.0,90.0,89.0,111.0,1.0,92.0,207.0,7.0
Stephanie Smith,113.0,587.0,434.0,371.0,60.0,0.0,0.0,374.0,103.0,256.0
Heather Perry DDS,139.0,380.0,300.0,20.0,184.0,2.0,15.0,99.0,19.0,86.0
Terri Jarvis,149.0,416.0,244.0,124.0,83.0,23.0,1.0,137.0,248.0,20.0
Megan Barr,136.0,571.0,256.0,179.0,11.0,51.0,4.0,190.0,158.0,540.0
Erin White,158.0,371.0,369.0,188.0,154.0,4.0,7.0,204.0,349.0,32.0
Daniel Smith,142.0,521.0,192.0,66.0,21.0,102.0,1.0,68.0,0.0,239.0
Eric Diaz MD,119.0,330.0,266.0,158.0,95.0,2.0,1.0,168.0,328.0,249.0
Lisa Green,135.0,446.0,372.0,184.0,149.0,7.0,24.0,192.0,112.0,329.0
Joseph Frederick,100.0,541.0,315.0,71.0,175.0,9.0,18.0,113.0,257.0,84.0
James Pope,110.0,309.0,127.0,82.0,10.0,32.0,3.0,82.0,42.0,280.0
Kevin Lopez,109.0,442.0,407.0,104.0,238.0,46.0,5.0,118.0,279.0,440.0
Aaron Duke,159.0,536.0,511.0,35.0,93.0,132.0,230.0,56.0,81.0,327.0
William Arnold,137.0,402.0,196.0,39.0,96.0,25.0,32.0,43.0,40.0,59.0
Joseph Smith,126.0,399.0,169.0,114.0,34.0,19.0,1.0,115.0,250.0,222.0
Paul Jenkins,104.0,396.0,161.0,8.0,89.0,49.0,7.0,16.0,29.0,250.0
Sara Kirby,131.0,598.0,108.0,47.0,16.0,32.0,7.0,53.0,353.0,434.0
Michael Hernandez MD,141.0,335.0,149.0,17.0,36.0,70.0,6.0,37.0,43.0,270.0
Diamond Brooks,107.0,389.0,342.0,211.0,32.0,76.0,22.0,212.0,25.0,264.0
Eric Roy,138.0,310.0,153.0,64.0,79.0,9.0,1.0,64.0,119.0,140.0
Benjamin Gonzalez,161.0,521.0,387.0,196.0,13.0,143.0,27.0,204.0,322.0,473.0
Joseph Stewart,158.0,484.0,186.0,0.0,140.0,9.0,4.0,33.0,409.0,253.0
Stephanie Taylor,157.0,432.0,274.0,131.0,44.0,81.0,17.0,132.0,297.0,39.0
Dr. Erika Kelly,156.0,424.0,377.0,294.0,3.0,36.0,1.0,337.0,373.0,317.0
Peter Grant,156.0,305.0,234.0,14.0,132.0,34.0,40.0,28.0,40.0,253.0
Lindsey Pham,134.0,594.0,242.0,59.0,51.0,86.0,8.0,97.0,380.0,464.0
Linda Allen,113.0,356.0,307.0,305.0,0.0,2.0,0.0,305.0,172.0,110.0
Jeanette Scott,144.0,439.0,168.0,103.0,28.0,18.0,19.0,103.0,338.0,40.0
James Scott,129.0,358.0,223.0,117.0,8.0,88.0,7.0,120.0,60.0,121.0
Marcus Pearson,108.0,515.0,467.0,392.0,16.0,49.0,10.0,392.0,187.0,205.0
Troy Bright,105.0,353.0,192.0,29.0,157.0,2.0,1.0,32.0,77.0,94.0
Michael Alvarado,151.0,346.0,190.0,174.0,15.0,0.0,1.0,174.0,37.0,118.0
David Smith,152.0,579.0,144.0,45.0,41.0,56.0,2.0,45.0,333.0,126.0
Angela Henry,143.0,420.0,310.0,274.0,2.0,25.0,5.0,278.0,352.0,309.0
Anna Myers,138.0,409.0,235.0,26.0,100.0,67.0,41.0,27.0,7.0,293.0
Mariah Williams,159.0,452.0,134.0,10.0,49.0,30.0,20.0,35.0,352.0,82.0
Louis Chung,130.0,454.0,264.0,164.0,43.0,2.0,44.0,175.0,62.0,51.0
Kathleen Wood,104.0,306.0,256.0,252.0,3.0,0.0,0.0,253.0,305.0,223.0
Jody Mejia,143.0,566.0,230.0,157.0,4.0,7.0,54.0,165.0,510.0,533.0
Donald Mullen,154.0,436.0,333.0,226.0,47.0,4.0,38.0,244.0,224.0,79.0
Paul Johnson,131.0,424.0,244.0,89.0,59.0,34.0,6.0,145.0,228.0,275.0
Joshua Spencer,126.0,439.0,432.0,192.0,205.0,35.0,0.0,192.0,292.0,129.0
Scott Patrick,103.0,335.0,217.0,150.0,63.0,3.0,0.0,151.0,185.0,195.0
Tyler Townsend MD,,,,,,,,,,
Cassandra Brock,,,,,,,,,,
Elizabeth Harris,,,,,,,,,,
James Edwards,,,,,,,,,,
Andrew Garcia,,,,,,,,,,
James Baker,,,,,,,,,,
Whitney Wallace,,,,,,,,,,
Nicholas Cook,144.0,365.0,114.0,31.0,10.0,25.0,3.0,76.0,138.0,350.0
Katie Gonzalez,154.0,535.0,297.0,247.0,30.0,20.0,0.0,247.0,312.0,140.0
Jennifer Villarreal,146.0,358.0,144.0,51.0,25.0,11.0,56.0,52.0,119.0,327.0
Danielle Bender,145.0,351.0,133.0,97.0,10.0,5.0,16.0,102.0,349.0,261.0
Jose Sweeney,111.0,557.0,156.0,0.0,108.0,9.0,15.0,24.0,498.0,116.0
Natalie Johnson,161.0,306.0,272.0,231.0,38.0,0.0,2.0,232.0,121.0,43.0
Mary Miller,114.0,502.0,414.0,151.0,89.0,156.0,8.0,161.0,171.0,57.0
Dominique Myers,128.0,353.0,249.0,198.0,28.0,23.0,0.0,198.0,264.0,230.0
Elizabeth Peters,129.0,434.0,254.0,188.0,25.0,8.0,27.0,194.0,208.0,260.0
Jill Powell,127.0,558.0,178.0,165.0,1.0,7.0,2.0,168.0,12.0,467.0
David Manning,158.0,514.0,224.0,40.0,176.0,8.0,0.0,40.0,344.0,436.0
Kelly White,111.0,537.0,343.0,246.0,46.0,21.0,5.0,271.0,358.0,491.0
Joseph Brewer,153.0,462.0,379.0,21.0,102.0,238.0,0.0,39.0,124.0,134.0
Laurie Luna,126.0,350.0,302.0,156.0,22.0,91.0,6.0,183.0,311.0,1.0
Robert Williams,111.0,552.0,245.0,236.0,6.0,1.0,0.0,238.0,33.0,311.0
Monica Carlson,148.0,594.0,579.0,154.0,280.0,19.0,112.0,168.0,339.0,390.0
Steven Williams,149.0,388.0,294.0,38.0,144.0,87.0,21.0,42.0,120.0,332.0
Eric Luna,147.0,388.0,232.0,42.0,22.0,29.0,91.0,90.0,373.0,307.0
Monica Zavala,119.0,421.0,284.0,254.0,1.0,13.0,16.0,254.0,210.0,257.0
Edward Thornton,156.0,490.0,339.0,302.0,25.0,2.0,5.0,307.0,378.0,27.0
Andrea Marquez,156.0,515.0,189.0,15.0,104.0,49.0,4.0,32.0,166.0,171.0
Jennifer Brown,100.0,485.0,222.0,220.0,2.0,0.0,0.0,220.0,263.0,134.0
Dr. Bryan English,139.0,387.0,118.0,70.0,40.0,2.0,1.0,75.0,173.0,256.0
Lynn Mejia,104.0,493.0,366.0,84.0,69.0,35.0,117.0,145.0,82.0,169.0
Katelyn Blackburn,143.0,485.0,372.0,346.0,22.0,2.0,2.0,346.0,122.0,274.0
Ashley Waters,124.0,369.0,230.0,111.0,60.0,4.0,21.0,145.0,288.0,35.0
Marcus Williams,150.0,342.0,224.0,96.0,117.0,0.0,7.0,100.0,295.0,64.0
Anna Miller,112.0,597.0,481.0,396.0,27.0,3.0,38.0,413.0,327.0,23.0
Christopher White,124.0,345.0,159.0,25.0,79.0,9.0,4.0,67.0,40.0,180.0
Stephen Dawson,150.0,411.0,309.0,135.0,151.0,18.0,1.0,139.0,409.0,323.0
Dr. Phillip May PhD,104.0,428.0,135.0,49.0,24.0,28.0,2.0,81.0,109.0,294.0
Joseph Williams,119.0,534.0,451.0,296.0,3.0,84.0,46.0,318.0,259.0,92.0
April Tucker,147.0,442.0,140.0,97.0,38.0,5.0,0.0,97.0,189.0,261.0
Bethany Morales,104.0,583.0,165.0,92.0,44.0,20.0,0.0,101.0,84.0,176.0
Kaylee Patel,162.0,512.0,166.0,127.0,3.0,4.0,27.0,132.0,272.0,396.0
Jacob Gallagher,147.0,404.0,388.0,274.0,90.0,10.0,3.0,285.0,185.0,44.0
Michael Ramos,100.0,490.0,450.0,162.0,163.0,10.0,37.0,240.0,233.0,457.0
Emily Payne,118.0,511.0,188.0,22.0,108.0,40.0,2.0,38.0,456.0,67.0
Laura Bowen,145.0,595.0,280.0,59.0,37.0,149.0,26.0,68.0,82.0,123.0
David Adams,134.0,590.0,394.0,70.0,293.0,8.0,16.0,77.0,157.0,91.0
Elizabeth Sherman,156.0,388.0,243.0,112.0,65.0,66.0,0.0,112.0,241.0,47.0
Wendy Knapp,112.0,569.0,399.0,114.0,242.0,31.0,9.0,117.0,415.0,119.0
Lori Hobbs,117.0,571.0,565.0,85.0,405.0,38.0,3.0,119.0,50.0,226.0
Michael Morgan,139.0,450.0,140.0,131.0,2.0,3.0,3.0,132.0,228.0,11.0
Brett Duncan,109.0,507.0,403.0,334.0,31.0,34.0,3.0,335.0,499.0,192.0
Larry Shah,142.0,377.0,343.0,270.0,53.0,6.0,4.0,280.0,191.0,324.0
James Taylor,106.0,524.0,382.0,95.0,155.0,123.0,0.0,104.0,47.0,129.0
Melissa Mclean,118.0,505.0,434.0,103.0,58.0,223.0,39.0,114.0,249.0,85.0
Krystal Sandoval,103.0,478.0,232.0,41.0,37.0,109.0,25.0,61.0,175.0,300.0
Tammy Green,161.0,305.0,147.0,80.0,2.0,57.0,1.0,87.0,228.0,295.0
Anna Fitzgerald,160.0,442.0,362.0,181.0,12.0,55.0,94.0,201.0,7.0,109.0
Caroline Walker,107.0,547.0,543.0,475.0,12.0,33.0,21.0,477.0,510.0,461.0
Lucas Fernandez,136.0,519.0,128.0,62.0,10.0,56.0,0.0,62.0,420.0,28.0
Frank Taylor,133.0,563.0,108.0,26.0,16.0,14.0,4.0,74.0,493.0,528.0
Alexandra Martinez,141.0,579.0,544.0,195.0,349.0,0.0,0.0,195.0,298.0,90.0
Neil Johnston,158.0,548.0,508.0,122.0,246.0,114.0,26.0,122.0,10.0,477.0
Margaret Morris,138.0,502.0,246.0,13.0,50.0,66.0,71.0,59.0,348.0,135.0
Thomas Calhoun,108.0,389.0,113.0,58.0,19.0,19.0,9.0,66.0,177.0,37.0
Colleen Murphy,152.0,382.0,165.0,137.0,2.0,19.0,7.0,137.0,193.0,245.0
Stephen Richard,154.0,437.0,207.0,165.0,25.0,1.0,4.0,177.0,407.0,69.0
Jason Williams,130.0,330.0,185.0,167.0,0.0,13.0,3.0,169.0,205.0,124.0
Kristy Miller,148.0,591.0,257.0,172.0,69.0,0.0,14.0,174.0,355.0,546.0
Tina Fischer,113.0,307.0,138.0,33.0,62.0,17.0,2.0,57.0,127.0,17.0
Jeff Hall,159.0,316.0,124.0,67.0,2.0,27.0,6.0,89.0,218.0,2.0
Angel Williams,115.0,302.0,117.0,97.0,12.0,4.0,0.0,101.0,181.0,141.0
Jeffery Silva II,117.0,373.0,127.0,8.0,44.0,31.0,10.0,42.0,159.0,373.0
William Carroll,138.0,524.0,182.0,82.0,86.0,1.0,8.0,87.0,140.0,238.0
Dana Carter,117.0,457.0,261.0,53.0,156.0,0.0,36.0,69.0,142.0,348.0
Eric Olson,140.0,370.0,203.0,125.0,37.0,3.0,8.0,155.0,146.0,142.0
Steven Dennis,110.0,581.0,557.0,58.0,413.0,6.0,16.0,122.0,375.0,267.0
Johnathan Knight,156.0,315.0,306.0,216.0,33.0,10.0,33.0,230.0,250.0,253.0
Bethany Stanton,129.0,419.0,339.0,300.0,5.0,4.0,11.0,319.0,100.0,358.0
Nichole Chambers,153.0,580.0,499.0,116.0,182.0,10.0,182.0,125.0,494.0,217.0
Patrick Wilson,119.0,446.0,122.0,104.0,8.0,3.0,1.0,110.0,198.0,140.0
Andrew Sanders,145.0,523.0,352.0,91.0,165.0,75.0,15.0,97.0,8.0,215.0
Christy Allen,149.0,468.0,220.0,117.0,79.0,2.0,3.0,136.0,121.0,311.0
Benjamin Davis,146.0,491.0,464.0,398.0,22.0,42.0,1.0,399.0,351.0,284.0
Henry Davis,156.0,327.0,166.0,32.0,110.0,2.0,13.0,41.0,187.0,245.0
Nicholas Ramos,127.0,415.0,119.0,7.0,25.0,45.0,42.0,7.0,320.0,375.0
Matthew Ballard,100.0,342.0,211.0,198.0,11.0,1.0,1.0,198.0,211.0,5.0
Heidi Hull,122.0,415.0,339.0,245.0,0.0,4.0,65.0,270.0,380.0,11.0
Nathan Dean,114.0,560.0,402.0,136.0,233.0,26.0,6.0,137.0,43.0,391.0
Dennis Murphy,135.0,544.0,302.0,284.0,16.0,2.0,0.0,284.0,460.0,314.0
Kathryn Craig,148.0,433.0,226.0,32.0,96.0,97.0,1.0,32.0,206.0,34.0
Jessica Benson,110.0,584.0,454.0,366.0,46.0,38.0,3.0,367.0,378.0,274.0
Amber Underwood,140.0,470.0,327.0,156.0,59.0,110.0,1.0,157.0,79.0,424.0
Brian Thomas,126.0,397.0,341.0,248.0,91.0,1.0,0.0,249.0,322.0,307.0
Diane Wilson,132.0,447.0,383.0,282.0,55.0,8.0,38.0,282.0,166.0,67.0
Kelly Burch,128.0,537.0,433.0,49.0,107.0,119.0,92.0,115.0,229.0,340.0
Henry Moreno,124.0,552.0,299.0,184.0,35.0,33.0,43.0,188.0,12.0,164.0
Alyssa Pierce,160.0,426.0,246.0,72.0,4.0,100.0,33.0,109.0,113.0,88.0
Rachel Bennett,157.0,537.0,234.0,221.0,4.0,2.0,0.0,228.0,89.0,476.0
Shelia Swanson,106.0,380.0,189.0,54.0,109.0,17.0,1.0,62.0,348.0,153.0
Vincent Whitaker,159.0,352.0,109.0,86.0,23.0,0.0,0.0,86.0,282.0,153.0
Laura Arnold,148.0,425.0,229.0,184.0,10.0,24.0,8.0,187.0,78.0,214.0
Deborah Gray,104.0,367.0,223.0,64.0,18.0,54.0,56.0,95.0,123.0,304.0
Donna Mason,151.0,387.0,327.0,324.0,2.0,1.0,0.0,324.0,228.0,53.0
Stephanie Hatfield,145.0,386.0,211.0,101.0,79.0,29.0,1.0,102.0,311.0,47.0
Amy Porter,158.0,349.0,226.0,0.0,108.0,76.0,30.0,12.0,244.0,231.0
Mary Smith,161.0,456.0,184.0,23.0,31.0,104.0,4.0,45.0,379.0,139.0
Sarah Benton,131.0,486.0,400.0,69.0,78.0,43.0,206.0,73.0,64.0,301.0
Donna Medina,129.0,442.0,198.0,171.0,12.0,11.0,0.0,175.0,254.0,73.0
Dawn Little,131.0,320.0,136.0,107.0,18.0,9.0,2.0,107.0,264.0,237.0
Ryan Cisneros,116.0,534.0,326.0,161.0,64.0,53.0,19.0,190.0,306.0,293.0
Joshua Bates,119.0,558.0,523.0,349.0,4.0,170.0,0.0,349.0,141.0,442.0
Ronald Morgan,103.0,570.0,147.0,80.0,63.0,4.0,0.0,80.0,0.0,354.0
John Dodson,141.0,478.0,382.0,143.0,164.0,70.0,3.0,145.0,44.0,225.0
Victoria Marshall,124.0,446.0,270.0,258.0,8.0,3.0,1.0,258.0,33.0,412.0
Kimberly Richardson,156.0,568.0,163.0,92.0,38.0,25.0,4.0,96.0,216.0,497.0
Brandon Thomas,131.0,380.0,222.0,221.0,0.0,0.0,0.0,222.0,258.0,316.0
April Brown,121.0,325.0,230.0,200.0,12.0,0.0,9.0,209.0,165.0,33.0
Terry Garza,145.0,562.0,507.0,462.0,0.0,2.0,26.0,479.0,535.0,236.0
Matthew Benson,125.0,503.0,241.0,86.0,86.0,69.0,0.0,86.0,421.0,180.0
Amy Oliver,139.0,442.0,202.0,148.0,16.0,33.0,1.0,152.0,2.0,416.0
Lisa Maldonado,122.0,442.0,424.0,315.0,106.0,1.0,0.0,317.0,69.0,342.0
Austin Olson,143.0,412.0,278.0,132.0,73.0,46.0,10.0,149.0,173.0,113.0
Andrew Harper,117.0,328.0,315.0,77.0,128.0,26.0,37.0,124.0,308.0,91.0
Elizabeth Rogers,140.0,437.0,349.0,253.0,83.0,8.0,3.0,255.0,347.0,169.0
Evelyn Miller,128.0,420.0,145.0,4.0,9.0,63.0,62.0,11.0,311.0,144.0
Shannon Reed,136.0,578.0,353.0,254.0,41.0,26.0,21.0,265.0,528.0,162.0
Chris Lopez,137.0,445.0,386.0,342.0,5.0,34.0,3.0,344.0,409.0,400.0
Steven Mcmillan,103.0,525.0,252.0,92.0,5.0,12.0,75.0,160.0,121.0,155.0
Christina Jones,102.0,382.0,294.0,56.0,194.0,1.0,32.0,67.0,19.0,243.0
John Glenn,156.0,420.0,251.0,195.0,51.0,3.0,1.0,196.0,48.0,180.0
Morgan Cannon,153.0,321.0,194.0,82.0,46.0,64.0,0.0,84.0,164.0,164.0
Phillip Hamilton,129.0,379.0,337.0,333.0,4.0,0.0,0.0,333.0,332.0,333.0
Rhonda Richardson,156.0,359.0,170.0,8.0,64.0,88.0,0.0,18.0,330.0,351.0
Nancy Davis,100.0,477.0,328.0,88.0,139.0,63.0,28.0,98.0,381.0,22.0
Amy Walker,134.0,353.0,120.0,109.0,11.0,0.0,0.0,109.0,38.0,305.0
Patrick Ortega,119.0,349.0,132.0,97.0,8.0,0.0,3.0,121.0,83.0,334.0
Jason Shah,118.0,550.0,172.0,18.0,92.0,41.0,3.0,36.0,29.0,438.0
Leonard Durham,137.0,544.0,196.0,114.0,52.0,11.0,11.0,122.0,307.0,464.0
Megan Brown,121.0,506.0,231.0,156.0,23.0,18.0,2.0,188.0,407.0,130.0
Joseph Holder,121.0,497.0,486.0,71.0,332.0,12.0,56.0,86.0,208.0,222.0
Marc Shaw,124.0,399.0,217.0,68.0,101.0,5.0,42.0,69.0,251.0,286.0
Michele Cruz,132.0,412.0,368.0,314.0,27.0,3.0,19.0,319.0,383.0,382.0
Joshua Moore,140.0,445.0,338.0,261.0,15.0,34.0,22.0,267.0,33.0,161.0
Rebecca Barr,158.0,385.0,166.0,83.0,48.0,18.0,1.0,99.0,293.0,285.0
Lisa Torres,154.0,439.0,148.0,49.0,86.0,13.0,0.0,49.0,265.0,322.0
Keith Lawson,150.0,482.0,413.0,284.0,123.0,1.0,3.0,286.0,426.0,26.0
Doris Howard,112.0,596.0,589.0,256.0,44.0,273.0,16.0,256.0,85.0,344.0
John Anderson,112.0,516.0,154.0,66.0,62.0,23.0,3.0,66.0,496.0,90.0
Courtney Garrison,122.0,598.0,563.0,147.0,65.0,142.0,195.0,161.0,500.0,258.0
Taylor Bishop,149.0,586.0,210.0,115.0,85.0,7.0,2.0,116.0,130.0,427.0
Deborah Harrell,138.0,521.0,225.0,14.0,108.0,93.0,1.0,23.0,197.0,98.0
Jon Vaughn,119.0,360.0,244.0,184.0,16.0,6.0,1.0,221.0,169.0,268.0
Jason Garcia,101.0,441.0,100.0,37.0,22.0,12.0,17.0,49.0,367.0,214.0
Beth Morgan,120.0,502.0,127.0,69.0,1.0,24.0,33.0,69.0,469.0,431.0
Lori Frazier,132.0,407.0,316.0,126.0,176.0,13.0,0.0,127.0,393.0,58.0
Ryan Sloan,110.0,471.0,332.0,89.0,140.0,58.0,27.0,107.0,62.0,41.0
Patricia Fitzgerald,102.0,385.0,262.0,251.0,6.0,5.0,0.0,251.0,50.0,28.0
James Dixon,137.0,472.0,163.0,86.0,48.0,14.0,3.0,98.0,444.0,467.0
Dana Hill,160.0,525.0,148.0,103.0,33.0,0.0,9.0,106.0,516.0,65.0
Steven Larson,141.0,523.0,205.0,201.0,2.0,1.0,1.0,201.0,242.0,276.0
Donna Roberson,153.0,430.0,102.0,48.0,24.0,0.0,27.0,51.0,128.0,244.0
Stephanie Bradford,129.0,500.0,114.0,38.0,24.0,29.0,18.0,43.0,118.0,432.0
Debra Morton,148.0,319.0,124.0,51.0,40.0,14.0,6.0,64.0,319.0,23.0
Krista Fields,138.0,321.0,191.0,191.0,0.0,0.0,0.0,191.0,268.0,248.0
Brittney Stone,134.0,443.0,206.0,60.0,80.0,27.0,28.0,71.0,193.0,410.0
Mr. Douglas Cooley,148.0,369.0,165.0,135.0,3.0,23.0,3.0,136.0,120.0,271.0
Corey Wells,127.0,303.0,205.0,116.0,86.0,2.0,1.0,116.0,38.0,43.0
Cynthia Wells,119.0,569.0,208.0,74.0,73.0,32.0,11.0,92.0,98.0,81.0
George Morton Jr.,108.0,497.0,341.0,316.0,17.0,2.0,2.0,320.0,28.0,175.0
Nicholas Smith,114.0,494.0,170.0,122.0,22.0,18.0,0.0,130.0,313.0,222.0
Whitney Adams,106.0,514.0,302.0,9.0,70.0,143.0,76.0,13.0,76.0,337.0
Patrick Farley,147.0,553.0,344.0,265.0,0.0,64.0,9.0,271.0,490.0,209.0
Valerie Johnson,143.0,450.0,274.0,252.0,11.0,5.0,3.0,255.0,382.0,395.0
Anna Wood,100.0,595.0,547.0,540.0,2.0,4.0,0.0,541.0,140.0,161.0
Kathleen Gibbs,145.0,399.0,101.0,25.0,12.0,27.0,1.0,61.0,233.0,357.0
Joshua Boone,162.0,366.0,334.0,51.0,243.0,33.0,1.0,57.0,204.0,45.0
Robert Hays MD,145.0,324.0,227.0,188.0,15.0,20.0,2.0,190.0,212.0,140.0
Thomas Tran,101.0,528.0,142.0,125.0,7.0,9.0,1.0,125.0,274.0,364.0
Katherine Warren,151.0,392.0,167.0,45.0,8.0,101.0,12.0,46.0,172.0,285.0
Dr. Jamie Brown,153.0,523.0,320.0,275.0,28.0,3.0,12.0,277.0,158.0,121.0
Richard Mitchell,110.0,405.0,271.0,153.0,12.0,102.0,4.0,153.0,344.0,128.0
Dean Holmes,135.0,350.0,205.0,85.0,1.0,9.0,12.0,183.0,111.0,127.0
Diane Coffey,102.0,573.0,571.0,18.0,85.0,372.0,44.0,70.0,372.0,72.0
Susan Hicks,151.0,353.0,139.0,90.0,16.0,30.0,1.0,92.0,128.0,31.0
Kimberly Lopez,149.0,464.0,367.0,185.0,118.0,28.0,14.0,207.0,11.0,86.0
Todd Goodwin,132.0,345.0,192.0,82.0,21.0,51.0,10.0,110.0,73.0,308.0
Amy King,122.0,572.0,287.0,145.0,48.0,74.0,13.0,152.0,106.0,150.0
Jesus Thompson,151.0,301.0,109.0,78.0,15.0,16.0,0.0,78.0,29.0,224.0
Kelsey Hunter,122.0,393.0,236.0,136.0,67.0,29.0,0.0,140.0,307.0,301.0
Andrew Brown,113.0,465.0,117.0,65.0,38.0,1.0,11.0,67.0,71.0,210.0
Tami Wilkerson,149.0,393.0,345.0,57.0,76.0,47.0,122.0,100.0,148.0,198.0
Rebecca Erickson,145.0,504.0,383.0,200.0,109.0,74.0,0.0,200.0,121.0,9.0
Matthew Jackson,122.0,477.0,339.0,135.0,193.0,2.0,3.0,141.0,185.0,106.0
Pamela Simmons,108.0,408.0,405.0,24.0,320.0,51.0,6.0,28.0,91.0,139.0
Jason Gibson,106.0,444.0,188.0,12.0,153.0,6.0,16.0,13.0,174.0,381.0
Sarah Johnson,122.0,545.0,111.0,73.0,14.0,3.0,15.0,79.0,117.0,18.0
Matthew Chavez,102.0,373.0,348.0,67.0,110.0,2.0,160.0,76.0,12.0,233.0
Mr. Nathaniel Thomas,102.0,320.0,206.0,38.0,86.0,15.0,6.0,99.0,109.0,131.0
Kathryn Nelson,145.0,528.0,173.0,165.0,3.0,0.0,2.0,168.0,110.0,289.0
Daniel Mckee,138.0,544.0,507.0,399.0,101.0,7.0,0.0,399.0,283.0,165.0
Daniel Gonzales,108.0,310.0,277.0,172.0,4.0,92.0,7.0,174.0,22.0,163.0
John Pierce,152.0,501.0,437.0,183.0,74.0,24.0,142.0,197.0,443.0,114.0
Stephen Gibson,120.0,407.0,377.0,333.0,25.0,4.0,3.0,345.0,177.0,284.0
Jennifer Tran,139.0,377.0,112.0,15.0,29.0,41.0,0.0,42.0,353.0,237.0
Ashley Rogers,113.0,303.0,191.0,67.0,92.0,17.0,0.0,82.0,233.0,209.0
Kristen Larson,115.0,339.0,302.0,31.0,59.0,106.0,91.0,46.0,119.0,308.0
Jessica Black,124.0,435.0,121.0,84.0,13.0,5.0,3.0,100.0,27.0,194.0
Larry Barnes,152.0,306.0,132.0,62.0,67.0,2.0,1.0,62.0,253.0,246.0
Richard Pierce,112.0,438.0,110.0,74.0,22.0,9.0,4.0,75.0,364.0,32.0
Meredith Rogers,128.0,507.0,283.0,84.0,43.0,86.0,49.0,105.0,491.0,149.0
Gary Webb,156.0,445.0,264.0,121.0,128.0,14.0,1.0,121.0,2.0,56.0
Abigail Peterson,105.0,466.0,440.0,7.0,328.0,41.0,49.0,22.0,270.0,383.0
Dustin Andersen,157.0,462.0,390.0,245.0,118.0,8.0,17.0,247.0,448.0,365.0
Shelly Garcia,144.0,418.0,231.0,51.0,79.0,94.0,5.0,53.0,230.0,289.0
Amber Gibson,148.0,444.0,161.0,25.0,17.0,112.0,0.0,32.0,414.0,12.0
Lisa Powers,110.0,432.0,207.0,66.0,69.0,29.0,17.0,92.0,164.0,289.0
Justin Patel,151.0,414.0,127.0,39.0,46.0,37.0,5.0,39.0,191.0,192.0
John Foley,141.0,350.0,159.0,29.0,102.0,11.0,5.0,41.0,59.0,223.0
Brendan Wallace,155.0,385.0,316.0,260.0,3.0,4.0,35.0,274.0,4.0,297.0
Christina Gonzalez MD,119.0,550.0,248.0,221.0,25.0,0.0,1.0,222.0,388.0,324.0
Kristen Nguyen,123.0,466.0,297.0,31.0,209.0,46.0,10.0,32.0,309.0,260.0
Christopher Coleman,120.0,380.0,132.0,37.0,74.0,20.0,1.0,37.0,138.0,337.0
Valerie Morrison,138.0,343.0,156.0,42.0,65.0,49.0,0.0,42.0,222.0,15.0
Angel Herman,100.0,600.0,431.0,122.0,68.0,151.0,65.0,147.0,20.0,593.0
Brandy Francis,143.0,518.0,441.0,169.0,35.0,154.0,71.0,181.0,48.0,444.0
David Dunn,125.0,486.0,177.0,146.0,20.0,3.0,2.0,152.0,114.0,194.0
Vincent Harrison,125.0,322.0,162.0,18.0,37.0,77.0,21.0,27.0,149.0,185.0
Kristin Hickman,143.0,466.0,437.0,162.0,2.0,161.0,38.0,236.0,104.0,156.0
Mrs. Michelle Perez MD,108.0,506.0,408.0,393.0,8.0,5.0,0.0,395.0,300.0,75.0
Brandon Thompson,102.0,394.0,371.0,357.0,4.0,3.0,2.0,362.0,49.0,384.0
Rebecca Savage,102.0,443.0,158.0,155.0,0.0,1.0,1.0,156.0,75.0,298.0
Alexa Ayala,161.0,405.0,294.0,219.0,2.0,7.0,41.0,244.0,266.0,404.0
Kelly Daniel,157.0,383.0,325.0,307.0,16.0,0.0,1.0,308.0,61.0,346.0
Eugene Simon,151.0,561.0,130.0,99.0,16.0,8.0,2.0,104.0,34.0,172.0
Thomas Warner,131.0,333.0,193.0,22.0,2.0,84.0,67.0,40.0,161.0,221.0
Dustin Romero,115.0,443.0,302.0,147.0,103.0,36.0,16.0,147.0,16.0,46.0
Carrie Fuentes,157.0,560.0,462.0,39.0,297.0,13.0,60.0,92.0,180.0,97.0
Joseph Moran,137.0,302.0,179.0,130.0,43.0,5.0,1.0,130.0,58.0,92.0
Laurie Williams,117.0,311.0,137.0,64.0,7.0,48.0,9.0,73.0,77.0,267.0
Janet Hughes,156.0,554.0,359.0,219.0,82.0,51.0,1.0,225.0,440.0,187.0
Michael Benson,121.0,334.0,223.0,46.0,51.0,16.0,97.0,59.0,99.0,267.0
Jill Turner,161.0,409.0,236.0,107.0,112.0,16.0,1.0,107.0,362.0,118.0
Donna Watkins,152.0,583.0,356.0,231.0,93.0,32.0,0.0,231.0,487.0,35.0
Jessica Nelson,141.0,464.0,352.0,6.0,128.0,91.0,110.0,23.0,450.0,279.0
April Stafford,128.0,379.0,137.0,137.0,0.0,0.0,0.0,137.0,104.0,178.0
Lindsay Andrews,119.0,444.0,206.0,24.0,13.0,164.0,5.0,24.0,378.0,357.0
Terry Meyers,136.0,320.0,230.0,158.0,11.0,2.0,38.0,179.0,257.0,36.0
John Henry,155.0,436.0,351.0,0.0,218.0,3.0,130.0,0.0,366.0,414.0
John Miller,105.0,357.0,262.0,19.0,94.0,7.0,58.0,103.0,269.0,90.0
Mark Yang,114.0,393.0,108.0,71.0,23.0,5.0,6.0,74.0,316.0,302.0
Robert Hunt,159.0,423.0,203.0,201.0,0.0,0.0,1.0,202.0,97.0,283.0
Michael Oliver,158.0,309.0,118.0,112.0,3.0,3.0,0.0,112.0,34.0,9.0
Daniel Steele,132.0,451.0,168.0,108.0,36.0,17.0,0.0,115.0,207.0,48.0
David Mills,145.0,312.0,298.0,138.0,129.0,17.0,12.0,140.0,28.0,144.0
Tyler Shaw,109.0,536.0,391.0,385.0,6.0,0.0,0.0,385.0,250.0,114.0
Christopher Scott,120.0,479.0,137.0,127.0,7.0,0.0,1.0,129.0,243.0,34.0
Molly Hogan,153.0,376.0,285.0,175.0,109.0,1.0,0.0,175.0,56.0,143.0
Daniel Morgan,131.0,520.0,450.0,312.0,127.0,7.0,2.0,314.0,151.0,167.0
Zachary Robinson,119.0,402.0,103.0,21.0,0.0,42.0,28.0,33.0,50.0,358.0
Taylor Hoover,134.0,510.0,468.0,218.0,190.0,34.0,17.0,227.0,406.0,136.0
Russell Mendez,104.0,501.0,287.0,150.0,43.0,48.0,18.0,178.0,38.0,133.0
Brian Peters,117.0,574.0,255.0,118.0,81.0,4.0,33.0,137.0,267.0,505.0
Kelly Casey,121.0,533.0,496.0,19.0,396.0,34.0,43.0,23.0,327.0,121.0
Shirley Dalton,142.0,570.0,430.0,254.0,82.0,85.0,1.0,262.0,340.0,70.0
Diane Brown,105.0,595.0,168.0,138.0,26.0,1.0,3.0,138.0,400.0,488.0
Melissa Boyer,100.0,336.0,312.0,213.0,0.0,43.0,36.0,233.0,177.0,96.0
Todd Murray,100.0,557.0,544.0,308.0,23.0,139.0,63.0,319.0,55.0,80.0
Karen Pace,139.0,414.0,158.0,80.0,22.0,22.0,11.0,103.0,212.0,307.0
James Mcconnell,158.0,411.0,297.0,138.0,70.0,50.0,31.0,146.0,41.0,190.0
Andrew Spears,158.0,503.0,431.0,71.0,87.0,46.0,54.0,244.0,29.0,76.0
Christine Tucker,138.0,432.0,319.0,248.0,31.0,8.0,11.0,269.0,227.0,372.0
Stephanie Miller,128.0,483.0,385.0,157.0,111.0,77.0,5.0,192.0,416.0,364.0
James Mcmillan,137.0,543.0,210.0,67.0,37.0,0.0,80.0,93.0,206.0,151.0
Peter Wagner,134.0,402.0,369.0,63.0,210.0,35.0,27.0,97.0,294.0,125.0
Michael Zamora,151.0,352.0,352.0,143.0,7.0,151.0,25.0,169.0,150.0,171.0
Jeffrey Bailey,123.0,363.0,342.0,91.0,57.0,177.0,15.0,93.0,110.0,145.0
Elizabeth Thompson,100.0,414.0,155.0,87.0,34.0,2.0,28.0,91.0,73.0,59.0
Julie Watts,136.0,441.0,292.0,39.0,136.0,30.0,24.0,102.0,150.0,49.0
Samantha Huff,136.0,404.0,350.0,347.0,0.0,3.0,0.0,347.0,261.0,253.0
Peggy Morgan,126.0,371.0,255.0,213.0,16.0,17.0,9.0,213.0,128.0,98.0
Joe Edwards,150.0,514.0,264.0,184.0,10.0,15.0,11.0,228.0,295.0,38.0
Michael Hunt,128.0,596.0,399.0,178.0,22.0,49.0,70.0,258.0,397.0,504.0
Teresa Adams,154.0,501.0,118.0,44.0,53.0,17.0,3.0,45.0,89.0,261.0
Shawna Christensen,161.0,431.0,431.0,399.0,27.0,2.0,2.0,400.0,169.0,132.0
Jane Smith,157.0,305.0,204.0,72.0,10.0,98.0,15.0,81.0,219.0,259.0
Joshua Livingston,144.0,476.0,206.0,161.0,42.0,0.0,2.0,162.0,9.0,93.0
Daniel Armstrong,115.0,365.0,209.0,62.0,28.0,90.0,15.0,76.0,240.0,111.0
Ashley Holder,161.0,410.0,190.0,61.0,11.0,14.0,30.0,135.0,164.0,118.0
Rebecca Miller,120.0,456.0,175.0,17.0,128.0,27.0,3.0,17.0,61.0,330.0
Nicholas Hamilton,145.0,506.0,437.0,429.0,2.0,6.0,0.0,429.0,458.0,258.0
Samantha Burns,148.0,597.0,263.0,221.0,34.0,7.0,1.0,221.0,38.0,194.0
Kylie Jackson,145.0,355.0,286.0,144.0,88.0,11.0,25.0,162.0,336.0,10.0
Matthew Smith,123.0,529.0,339.0,236.0,87.0,11.0,3.0,238.0,157.0,500.0
Amy Payne,114.0,315.0,127.0,115.0,10.0,0.0,0.0,117.0,125.0,104.0
Nathan Morales,111.0,494.0,150.0,7.0,64.0,1.0,21.0,64.0,242.0,372.0
Jennifer Thomas,103.0,543.0,418.0,364.0,43.0,9.0,0.0,366.0,354.0,517.0
Timothy Benson,142.0,385.0,335.0,52.0,0.0,217.0,0.0,118.0,309.0,121.0
Cody Kennedy,114.0,381.0,170.0,73.0,31.0,40.0,7.0,92.0,352.0,343.0
Jessica Owens,146.0,439.0,141.0,12.0,81.0,27.0,14.0,19.0,271.0,13.0
Alexander Murray,125.0,327.0,216.0,34.0,69.0,81.0,14.0,52.0,320.0,218.0
Sheila Brown,121.0,479.0,348.0,325.0,4.0,0.0,4.0,340.0,340.0,224.0
Theresa Mitchell,127.0,523.0,164.0,90.0,59.0,4.0,7.0,94.0,387.0,292.0
Jeffrey Hartman,116.0,360.0,192.0,41.0,135.0,13.0,0.0,44.0,211.0,88.0
Jordan Goodman,110.0,324.0,170.0,45.0,16.0,109.0,0.0,45.0,87.0,51.0
Amanda Bailey,107.0,332.0,233.0,98.0,42.0,74.0,1.0,116.0,126.0,246.0
Elizabeth Long,110.0,314.0,257.0,108.0,93.0,20.0,12.0,132.0,295.0,38.0
Jessica Lyons,109.0,359.0,268.0,81.0,24.0,1.0,156.0,87.0,127.0,183.0
Scott Archer,135.0,332.0,132.0,95.0,6.0,23.0,8.0,95.0,254.0,149.0
Kevin Bennett,161.0,336.0,152.0,150.0,1.0,0.0,0.0,151.0,23.0,136.0
Kayla Walker,104.0,579.0,216.0,186.0,17.0,7.0,2.0,190.0,119.0,285.0
Shawn Huffman,103.0,555.0,310.0,4.0,116.0,133.0,57.0,4.0,323.0,529.0
Brent Snyder,139.0,422.0,164.0,75.0,4.0,43.0,13.0,104.0,401.0,272.0
Scott Morton,106.0,386.0,237.0,57.0,7.0,50.0,20.0,160.0,240.0,57.0
Erin Martinez,157.0,592.0,193.0,71.0,38.0,28.0,13.0,114.0,229.0,52.0
Jennifer Sanchez,147.0,456.0,175.0,45.0,22.0,58.0,23.0,72.0,34.0,207.0
Sherry Sanchez,133.0,315.0,250.0,213.0,8.0,3.0,5.0,234.0,242.0,189.0
Luis Parker,105.0,364.0,124.0,80.0,5.0,1.0,11.0,107.0,267.0,88.0
Gina Mercado,151.0,336.0,163.0,73.0,71.0,17.0,2.0,73.0,153.0,250.0
Amber Aguirre,125.0,434.0,311.0,270.0,6.0,5.0,16.0,284.0,225.0,116.0
Debra Lopez,102.0,402.0,213.0,76.0,26.0,21.0,77.0,89.0,305.0,116.0
Jennifer Diaz,142.0,391.0,213.0,163.0,4.0,3.0,1.0,205.0,70.0,183.0
Jason Riddle,153.0,413.0,260.0,181.0,36.0,29.0,7.0,188.0,347.0,24.0
Thomas Lynch,114.0,465.0,307.0,209.0,17.0,57.0,2.0,231.0,437.0,291.0
Peter Gross,109.0,497.0,303.0,5.0,29.0,227.0,16.0,31.0,144.0,395.0
Rachel Ward,162.0,518.0,387.0,373.0,9.0,4.0,1.0,373.0,315.0,39.0
Ashley Morales,102.0,436.0,161.0,87.0,31.0,26.0,2.0,102.0,312.0,58.0
Catherine Roman,111.0,394.0,316.0,116.0,176.0,15.0,5.0,120.0,350.0,147.0
Eric Carter,129.0,599.0,439.0,410.0,21.0,8.0,0.0,410.0,111.0,121.0
Austin Simmons,161.0,565.0,217.0,172.0,45.0,0.0,0.0,172.0,516.0,246.0
Amanda Vega,154.0,416.0,155.0,23.0,63.0,20.0,10.0,62.0,127.0,317.0
Alexander Smith,131.0,411.0,267.0,27.0,54.0,13.0,17.0,183.0,283.0,280.0
Aaron Jones,102.0,518.0,223.0,219.0,0.0,3.0,0.0,220.0,316.0,22.0
Emily Day,105.0,400.0,306.0,237.0,62.0,7.0,0.0,237.0,308.0,47.0
Brandy Ware,139.0,490.0,286.0,138.0,20.0,37.0,17.0,212.0,316.0,305.0
Jack Hatfield,113.0,513.0,351.0,243.0,32.0,26.0,31.0,262.0,203.0,120.0
Tyler Cooper,122.0,448.0,214.0,32.0,90.0,21.0,39.0,64.0,39.0,116.0
Adam Watson,133.0,439.0,328.0,158.0,83.0,31.0,30.0,184.0,3.0,6.0
Traci Howell,114.0,365.0,183.0,61.0,45.0,63.0,2.0,73.0,310.0,275.0
Annette Wood,124.0,536.0,114.0,73.0,1.0,37.0,0.0,76.0,503.0,261.0
Michaela Olson,158.0,581.0,373.0,131.0,154.0,30.0,9.0,180.0,504.0,195.0
Justin Jackson,107.0,573.0,425.0,382.0,20.0,15.0,1.0,389.0,119.0,217.0
Lindsay White,115.0,526.0,314.0,123.0,121.0,60.0,2.0,131.0,388.0,462.0
Joseph Rodriguez,104.0,353.0,207.0,141.0,48.0,3.0,5.0,151.0,265.0,2.0
Shelly Wilson,110.0,480.0,199.0,174.0,4.0,13.0,7.0,175.0,408.0,219.0
Carolyn Shepherd,105.0,435.0,303.0,16.0,165.0,92.0,13.0,33.0,65.0,106.0
Kevin Wilson,162.0,363.0,111.0,28.0,44.0,22.0,17.0,28.0,301.0,276.0
Robert Middleton,127.0,383.0,192.0,38.0,151.0,2.0,0.0,39.0,314.0,177.0
Rachel Miller,149.0,578.0,129.0,120.0,0.0,6.0,1.0,122.0,137.0,256.0
Adrienne Thompson,124.0,430.0,375.0,185.0,160.0,9.0,3.0,203.0,82.0,261.0
Patricia Jordan,145.0,527.0,313.0,8.0,132.0,153.0,18.0,10.0,293.0,192.0
Spencer Turner,157.0,439.0,124.0,121.0,0.0,3.0,0.0,121.0,142.0,367.0
Shelley Sullivan,129.0,463.0,201.0,109.0,55.0,10.0,15.0,121.0,405.0,204.0
Kiara Morales,111.0,454.0,266.0,196.0,69.0,1.0,0.0,196.0,378.0,302.0
Jamie Coleman,123.0,331.0,283.0,56.0,54.0,104.0,33.0,92.0,107.0,67.0
Tammy Hensley,123.0,577.0,244.0,14.0,118.0,48.0,55.0,23.0,34.0,13.0
Jodi Williams,124.0,383.0,143.0,138.0,1.0,4.0,0.0,138.0,281.0,255.0
Kayla Spears,113.0,524.0,350.0,303.0,41.0,5.0,1.0,303.0,413.0,523.0
Deborah Bradley,119.0,317.0,229.0,3.0,63.0,47.0,19.0,100.0,161.0,296.0
Brian Stein,130.0,303.0,144.0,14.0,81.0,26.0,1.0,36.0,69.0,200.0
Shawn Gilmore,110.0,347.0,176.0,12.0,25.0,27.0,26.0,98.0,319.0,317.0
Tammy Gonzalez,108.0,546.0,296.0,30.0,30.0,222.0,12.0,32.0,375.0,119.0
Julie Garrett,162.0,484.0,358.0,325.0,21.0,0.0,8.0,329.0,161.0,285.0
Darin Lawrence,152.0,497.0,120.0,83.0,37.0,0.0,0.0,83.0,198.0,228.0
Jacqueline Nguyen,124.0,379.0,373.0,185.0,97.0,83.0,1.0,192.0,125.0,1.0
Danielle Zuniga,136.0,450.0,447.0,21.0,116.0,24.0,117.0,190.0,327.0,45.0
Emily Rice,113.0,304.0,304.0,277.0,3.0,18.0,4.0,279.0,46.0,20.0
Justin Nixon,158.0,438.0,293.0,237.0,44.0,4.0,0.0,245.0,427.0,235.0
Richard Guerra,159.0,463.0,297.0,100.0,33.0,77.0,54.0,133.0,324.0,376.0
Ivan Lucero,135.0,557.0,235.0,211.0,5.0,13.0,6.0,211.0,202.0,531.0
Paul Cooper,118.0,326.0,236.0,18.0,136.0,67.0,9.0,24.0,41.0,234.0
Matthew Bell,160.0,554.0,143.0,73.0,33.0,25.0,10.0,75.0,31.0,73.0
Shannon Cabrera,108.0,598.0,298.0,159.0,64.0,35.0,24.0,175.0,216.0,5.0
Jeffrey Cunningham,140.0,568.0,118.0,32.0,51.0,24.0,10.0,33.0,22.0,540.0
Melissa Barnes,154.0,353.0,324.0,143.0,70.0,89.0,1.0,164.0,135.0,84.0
Joshua Hanna,135.0,423.0,396.0,182.0,25.0,154.0,16.0,201.0,368.0,381.0
Anna Moran,130.0,391.0,358.0,347.0,0.0,9.0,1.0,348.0,93.0,168.0
Steven Hudson,144.0,335.0,178.0,159.0,13.0,2.0,3.0,160.0,240.0,57.0
Nathaniel Wright,101.0,428.0,409.0,145.0,156.0,101.0,6.0,146.0,81.0,2.0
Gregory Stewart,107.0,305.0,271.0,176.0,85.0,5.0,1.0,180.0,202.0,258.0
Kathleen Hale,120.0,343.0,206.0,108.0,93.0,2.0,1.0,110.0,80.0,282.0
Wayne Adams,130.0,538.0,520.0,106.0,342.0,56.0,16.0,106.0,257.0,402.0
Morgan King,117.0,357.0,247.0,222.0,3.0,1.0,0.0,243.0,109.0,111.0
Tracy Caldwell,148.0,564.0,150.0,39.0,79.0,21.0,7.0,43.0,401.0,56.0
Jennifer Mathews,138.0,520.0,212.0,194.0,11.0,4.0,2.0,195.0,460.0,2.0
David Thompson,128.0,577.0,233.0,6.0,224.0,2.0,0.0,7.0,449.0,259.0
Jessica Olson,132.0,564.0,133.0,108.0,0.0,0.0,12.0,121.0,175.0,450.0
Jeffrey Brown,162.0,530.0,492.0,79.0,317.0,2.0,13.0,160.0,502.0,112.0
Christopher Rubio,127.0,404.0,168.0,141.0,1.0,21.0,0.0,146.0,195.0,182.0
Jessica Le,146.0,582.0,154.0,11.0,129.0,10.0,0.0,15.0,306.0,377.0
Benjamin Rivera,112.0,314.0,309.0,20.0,252.0,32.0,4.0,21.0,224.0,72.0
Norma Cox,146.0,342.0,102.0,26.0,46.0,10.0,0.0,46.0,55.0,54.0
Susan Tran,106.0,500.0,405.0,249.0,9.0,37.0,23.0,336.0,257.0,236.0
Rhonda Daniel,112.0,494.0,271.0,130.0,96.0,28.0,11.0,136.0,372.0,349.0
Frank Anderson,121.0,327.0,316.0,171.0,132.0,11.0,2.0,171.0,190.0,0.0
